dataset,model,source_label,feature_name,trial_type,alpha_aug,alpha_mix_json,recdim,seed,trial_idx,lr,decay,topks,final_epoch,final_loss,training_time_seconds,precision@100,recall@100,ndcg@100
lastfm-asia,mf,17,Country,proportional,1.0,"{""0"": 0.3749557835160948, ""10"": 0.4474708171206226, ""3"": 0.17757339936328262}",2,2221,1,0.1,0.01,[100],40,0.397,24.380035578040406,0.13953115,0.20248561,0.2212436
lastfm-asia,mf,17,Country,proportional,1.0,"{""0"": 0.3749557835160948, ""10"": 0.4474708171206226, ""3"": 0.17757339936328262}",2,2222,2,0.1,0.01,[100],40,0.395,21.864354229997844,0.14034829,0.20521891,0.22293495
lastfm-asia,mf,17,Country,proportional,1.0,"{""0"": 0.3749557835160948, ""10"": 0.4474708171206226, ""3"": 0.17757339936328262}",2,2223,3,0.1,0.01,[100],40,0.396,21.586148728150874,0.13577361,0.20083189,0.21543572
lastfm-asia,mf,17,Country,proportional,1.0,"{""0"": 0.3749557835160948, ""10"": 0.4474708171206226, ""3"": 0.17757339936328262}",2,2224,4,0.1,0.01,[100],40,0.396,20.955778141971678,0.13756196,0.1966967,0.21525648
lastfm-asia,mf,17,Country,proportional,1.0,"{""0"": 0.3749557835160948, ""10"": 0.4474708171206226, ""3"": 0.17757339936328262}",2,2225,5,0.1,0.01,[100],40,0.395,21.314716327004135,0.14219022,0.20846559,0.22737286
lastfm-asia,mf,17,Country,proportional,1.0,"{""0"": 0.3749557835160948, ""10"": 0.4474708171206226, ""3"": 0.17757339936328262}",2,2226,6,0.1,0.01,[100],40,0.394,21.238240660866722,0.14085733,0.20632928,0.22477576
lastfm-asia,mf,17,Country,proportional,1.0,"{""0"": 0.3749557835160948, ""10"": 0.4474708171206226, ""3"": 0.17757339936328262}",2,2227,7,0.1,0.01,[100],40,0.407,21.27831768593751,0.11777629,0.16649912,0.17863253
lastfm-asia,mf,17,Country,proportional,1.0,"{""0"": 0.3749557835160948, ""10"": 0.4474708171206226, ""3"": 0.17757339936328262}",2,2228,8,0.1,0.01,[100],40,0.403,21.880435131955892,0.13253182,0.18555621,0.20863779
lastfm-asia,mf,17,Country,proportional,1.0,"{""0"": 0.3749557835160948, ""10"": 0.4474708171206226, ""3"": 0.17757339936328262}",2,2229,9,0.1,0.01,[100],40,0.395,22.0999059129972,0.13988614,0.20518463,0.22308092
lastfm-asia,mf,17,Country,proportional,1.0,"{""0"": 0.3749557835160948, ""10"": 0.4474708171206226, ""3"": 0.17757339936328262}",2,2230,10,0.1,0.01,[100],40,0.416,20.75306454207748,0.1180509,0.16169835,0.1742678
lastfm-asia,mf,17,Country,proportional,1.0,"{""0"": 0.3749557835160948, ""10"": 0.4474708171206226, ""3"": 0.17757339936328262}",2,2231,11,0.1,0.01,[100],40,0.394,22.320988819934428,0.14008038,0.20441279,0.22118958
lastfm-asia,mf,17,Country,proportional,1.0,"{""0"": 0.3749557835160948, ""10"": 0.4474708171206226, ""3"": 0.17757339936328262}",2,2232,12,0.1,0.01,[100],40,0.413,21.82915609399788,0.11655057,0.17324931,0.1842087
lastfm-asia,mf,17,Country,proportional,1.0,"{""0"": 0.3749557835160948, ""10"": 0.4474708171206226, ""3"": 0.17757339936328262}",2,2233,13,0.1,0.01,[100],40,0.412,21.035119875799865,0.13925653,0.20419929,0.22135776
lastfm-asia,mf,17,Country,proportional,1.0,"{""0"": 0.3749557835160948, ""10"": 0.4474708171206226, ""3"": 0.17757339936328262}",2,2234,14,0.1,0.01,[100],40,0.396,20.924020380014554,0.14020094,0.20449922,0.22222985
lastfm-asia,mf,17,Country,proportional,1.0,"{""0"": 0.3749557835160948, ""10"": 0.4474708171206226, ""3"": 0.17757339936328262}",2,2235,15,0.1,0.01,[100],40,0.403,21.76082762889564,0.13075017,0.18628182,0.20674746
lastfm-asia,mf,17,Country,proportional,1.0,"{""0"": 0.3749557835160948, ""10"": 0.4474708171206226, ""3"": 0.17757339936328262}",2,2236,16,0.1,0.01,[100],40,0.398,22.095187095925212,0.13634293,0.19449289,0.21375355
lastfm-asia,mf,17,Country,proportional,1.0,"{""0"": 0.3749557835160948, ""10"": 0.4474708171206226, ""3"": 0.17757339936328262}",2,2237,17,0.1,0.01,[100],40,0.407,21.497301500989124,0.1248493,0.16929632,0.18895492
lastfm-asia,mf,17,Country,proportional,1.0,"{""0"": 0.3749557835160948, ""10"": 0.4474708171206226, ""3"": 0.17757339936328262}",2,2238,18,0.1,0.01,[100],40,0.409,22.025262420997024,0.11378433,0.16424037,0.17343981
lastfm-asia,mf,17,Country,proportional,1.0,"{""0"": 0.3749557835160948, ""10"": 0.4474708171206226, ""3"": 0.17757339936328262}",2,2239,19,0.1,0.01,[100],40,0.395,23.138265668880194,0.14074347,0.20682162,0.22598333
lastfm-asia,mf,17,Country,proportional,1.0,"{""0"": 0.3749557835160948, ""10"": 0.4474708171206226, ""3"": 0.17757339936328262}",2,2240,20,0.1,0.01,[100],40,0.397,22.22143565514125,0.13994642,0.20477657,0.22290455
lastfm-asia,mf,17,Country,stratified,1.0,"{""0"": 0.3333333333333333, ""10"": 0.3333333333333333, ""3"": 0.3333333333333333}",2,2221,1,0.1,0.01,[100],40,0.408,23.277750286040828,0.12823845,0.18760754,0.19646855
lastfm-asia,mf,17,Country,stratified,1.0,"{""0"": 0.3333333333333333, ""10"": 0.3333333333333333, ""3"": 0.3333333333333333}",2,2222,2,0.1,0.01,[100],40,0.399,21.944779478944838,0.13822505,0.1998807,0.21923377
lastfm-asia,mf,17,Country,stratified,1.0,"{""0"": 0.3333333333333333, ""10"": 0.3333333333333333, ""3"": 0.3333333333333333}",2,2223,3,0.1,0.01,[100],40,0.401,21.886289816116914,0.1329136,0.19346585,0.20930192
lastfm-asia,mf,17,Country,stratified,1.0,"{""0"": 0.3333333333333333, ""10"": 0.3333333333333333, ""3"": 0.3333333333333333}",2,2224,4,0.1,0.01,[100],40,0.4,21.269441282143816,0.13440054,0.18839763,0.20921896
lastfm-asia,mf,17,Country,stratified,1.0,"{""0"": 0.3333333333333333, ""10"": 0.3333333333333333, ""3"": 0.3333333333333333}",2,2225,5,0.1,0.01,[100],40,0.397,21.063103823922575,0.14094441,0.20600316,0.22513781
lastfm-asia,mf,17,Country,stratified,1.0,"{""0"": 0.3333333333333333, ""10"": 0.3333333333333333, ""3"": 0.3333333333333333}",2,2226,6,0.1,0.01,[100],40,0.396,21.35984332393855,0.14014735,0.20515013,0.22380419
lastfm-asia,mf,17,Country,stratified,1.0,"{""0"": 0.3333333333333333, ""10"": 0.3333333333333333, ""3"": 0.3333333333333333}",2,2227,7,0.1,0.01,[100],40,0.411,21.703111151000485,0.11896852,0.17252852,0.1840929
lastfm-asia,mf,17,Country,stratified,1.0,"{""0"": 0.3333333333333333, ""10"": 0.3333333333333333, ""3"": 0.3333333333333333}",2,2228,8,0.1,0.01,[100],40,0.407,21.45515644410625,0.13236437,0.18323854,0.20620888
lastfm-asia,mf,17,Country,stratified,1.0,"{""0"": 0.3333333333333333, ""10"": 0.3333333333333333, ""3"": 0.3333333333333333}",2,2229,9,0.1,0.01,[100],40,0.398,21.24116467614658,0.13976557,0.2039814,0.22158246
lastfm-asia,mf,17,Country,stratified,1.0,"{""0"": 0.3333333333333333, ""10"": 0.3333333333333333, ""3"": 0.3333333333333333}",2,2230,10,0.1,0.01,[100],40,0.417,21.11193094588816,0.11543202,0.15867934,0.1703242
lastfm-asia,mf,17,Country,stratified,1.0,"{""0"": 0.3333333333333333, ""10"": 0.3333333333333333, ""3"": 0.3333333333333333}",2,2231,11,0.1,0.01,[100],40,0.399,20.974314408842474,0.1390355,0.20188421,0.21821028
lastfm-asia,mf,17,Country,stratified,1.0,"{""0"": 0.3333333333333333, ""10"": 0.3333333333333333, ""3"": 0.3333333333333333}",2,2232,12,0.1,0.01,[100],40,0.421,21.401173033053055,0.1196919,0.17988667,0.18808217
lastfm-asia,mf,17,Country,stratified,1.0,"{""0"": 0.3333333333333333, ""10"": 0.3333333333333333, ""3"": 0.3333333333333333}",2,2233,13,0.1,0.01,[100],40,0.413,21.56632285192609,0.12525787,0.18237533,0.19465471
lastfm-asia,mf,17,Country,stratified,1.0,"{""0"": 0.3333333333333333, ""10"": 0.3333333333333333, ""3"": 0.3333333333333333}",2,2234,14,0.1,0.01,[100],40,0.398,21.138998160837218,0.13943068,0.2028427,0.22124578
lastfm-asia,mf,17,Country,stratified,1.0,"{""0"": 0.3333333333333333, ""10"": 0.3333333333333333, ""3"": 0.3333333333333333}",2,2235,15,0.1,0.01,[100],40,0.402,21.178971335059032,0.13510382,0.19323602,0.21546054
lastfm-asia,mf,17,Country,stratified,1.0,"{""0"": 0.3333333333333333, ""10"": 0.3333333333333333, ""3"": 0.3333333333333333}",2,2236,16,0.1,0.01,[100],40,0.401,21.282449044054374,0.13503014,0.19061494,0.21062916
lastfm-asia,mf,17,Country,stratified,1.0,"{""0"": 0.3333333333333333, ""10"": 0.3333333333333333, ""3"": 0.3333333333333333}",2,2237,17,0.1,0.01,[100],40,0.397,22.458370227133855,0.13912257,0.20194817,0.21965498
lastfm-asia,mf,17,Country,stratified,1.0,"{""0"": 0.3333333333333333, ""10"": 0.3333333333333333, ""3"": 0.3333333333333333}",2,2238,18,0.1,0.01,[100],40,0.4,22.25812951498665,0.1358004,0.19888271,0.21540937
lastfm-asia,mf,17,Country,stratified,1.0,"{""0"": 0.3333333333333333, ""10"": 0.3333333333333333, ""3"": 0.3333333333333333}",2,2239,19,0.1,0.01,[100],40,0.397,22.5031906128861,0.14035499,0.2055904,0.22464805
lastfm-asia,mf,17,Country,stratified,1.0,"{""0"": 0.3333333333333333, ""10"": 0.3333333333333333, ""3"": 0.3333333333333333}",2,2240,20,0.1,0.01,[100],40,0.405,21.615453181089833,0.13846618,0.20429991,0.22144035
lastfm-asia,mf,17,Country,proportional,1.0,"{""0"": 0.3749557835160948, ""10"": 0.4474708171206226, ""3"": 0.17757339936328262}",4,2421,1,0.1,0.01,[100],40,0.324,21.490170736098662,0.17638312,0.26399403,0.28254125
lastfm-asia,mf,17,Country,proportional,1.0,"{""0"": 0.3749557835160948, ""10"": 0.4474708171206226, ""3"": 0.17757339936328262}",4,2422,2,0.1,0.01,[100],40,0.33,21.690992509946227,0.16736102,0.2478867,0.26865846
lastfm-asia,mf,17,Country,proportional,1.0,"{""0"": 0.3749557835160948, ""10"": 0.4474708171206226, ""3"": 0.17757339936328262}",4,2423,3,0.1,0.01,[100],40,0.322,22.238197012105957,0.17227729,0.26107276,0.27879924
lastfm-asia,mf,17,Country,proportional,1.0,"{""0"": 0.3749557835160948, ""10"": 0.4474708171206226, ""3"": 0.17757339936328262}",4,2424,4,0.1,0.01,[100],40,0.331,22.638904348015785,0.16953115,0.2525617,0.26916511
lastfm-asia,mf,17,Country,proportional,1.0,"{""0"": 0.3749557835160948, ""10"": 0.4474708171206226, ""3"": 0.17757339936328262}",4,2425,5,0.1,0.01,[100],40,0.337,21.449336010031402,0.16369056,0.24424832,0.26062712
lastfm-asia,mf,17,Country,proportional,1.0,"{""0"": 0.3749557835160948, ""10"": 0.4474708171206226, ""3"": 0.17757339936328262}",4,2426,6,0.1,0.01,[100],40,0.332,21.3394775360357,0.1696919,0.24834099,0.2696864
lastfm-asia,mf,17,Country,proportional,1.0,"{""0"": 0.3749557835160948, ""10"": 0.4474708171206226, ""3"": 0.17757339936328262}",4,2427,7,0.1,0.01,[100],40,0.326,22.393924436997622,0.16707301,0.24862133,0.26593243
lastfm-asia,mf,17,Country,proportional,1.0,"{""0"": 0.3749557835160948, ""10"": 0.4474708171206226, ""3"": 0.17757339936328262}",4,2428,8,0.1,0.01,[100],40,0.334,23.002369050867856,0.16073677,0.23919737,0.25480505
lastfm-asia,mf,17,Country,proportional,1.0,"{""0"": 0.3749557835160948, ""10"": 0.4474708171206226, ""3"": 0.17757339936328262}",4,2429,9,0.1,0.01,[100],40,0.324,21.75246923789382,0.17103148,0.2558579,0.26935862
lastfm-asia,mf,17,Country,proportional,1.0,"{""0"": 0.3749557835160948, ""10"": 0.4474708171206226, ""3"": 0.17757339936328262}",4,2430,10,0.1,0.01,[100],40,0.328,23.03934600390494,0.16789015,0.24909897,0.26750217
lastfm-asia,mf,17,Country,proportional,1.0,"{""0"": 0.3749557835160948, ""10"": 0.4474708171206226, ""3"": 0.17757339936328262}",4,2431,11,0.1,0.01,[100],40,0.321,23.47017516219057,0.17338915,0.25711911,0.27507845
lastfm-asia,mf,17,Country,proportional,1.0,"{""0"": 0.3749557835160948, ""10"": 0.4474708171206226, ""3"": 0.17757339936328262}",4,2432,12,0.1,0.01,[100],40,0.326,22.09449492301792,0.17074347,0.25820444,0.27622686
lastfm-asia,mf,17,Country,proportional,1.0,"{""0"": 0.3749557835160948, ""10"": 0.4474708171206226, ""3"": 0.17757339936328262}",4,2433,13,0.1,0.01,[100],40,0.325,21.780135111883283,0.16975887,0.25216388,0.26942258
lastfm-asia,mf,17,Country,proportional,1.0,"{""0"": 0.3749557835160948, ""10"": 0.4474708171206226, ""3"": 0.17757339936328262}",4,2434,14,0.1,0.01,[100],40,0.329,21.32983652688563,0.1680576,0.25031277,0.26867255
lastfm-asia,mf,17,Country,proportional,1.0,"{""0"": 0.3749557835160948, ""10"": 0.4474708171206226, ""3"": 0.17757339936328262}",4,2435,15,0.1,0.01,[100],40,0.326,21.48614610894583,0.17300737,0.25451795,0.27495723
lastfm-asia,mf,17,Country,proportional,1.0,"{""0"": 0.3749557835160948, ""10"": 0.4474708171206226, ""3"": 0.17757339936328262}",4,2436,16,0.1,0.01,[100],40,0.332,21.080299728084356,0.17008707,0.25079,0.2708782
lastfm-asia,mf,17,Country,proportional,1.0,"{""0"": 0.3749557835160948, ""10"": 0.4474708171206226, ""3"": 0.17757339936328262}",4,2437,17,0.1,0.01,[100],40,0.324,21.241079339990392,0.17255861,0.25784331,0.27740385
lastfm-asia,mf,17,Country,proportional,1.0,"{""0"": 0.3749557835160948, ""10"": 0.4474708171206226, ""3"": 0.17757339936328262}",4,2438,18,0.1,0.01,[100],40,0.322,21.56936809513718,0.17235767,0.25518345,0.27176143
lastfm-asia,mf,17,Country,proportional,1.0,"{""0"": 0.3749557835160948, ""10"": 0.4474708171206226, ""3"": 0.17757339936328262}",4,2439,19,0.1,0.01,[100],40,0.331,21.024804377928376,0.16913597,0.25825531,0.27394419
lastfm-asia,mf,17,Country,proportional,1.0,"{""0"": 0.3749557835160948, ""10"": 0.4474708171206226, ""3"": 0.17757339936328262}",4,2440,20,0.1,0.01,[100],40,0.326,21.24709837208502,0.16909578,0.2526087,0.26926393
lastfm-asia,mf,17,Country,stratified,1.0,"{""0"": 0.3333333333333333, ""10"": 0.3333333333333333, ""3"": 0.3333333333333333}",4,2421,1,0.1,0.01,[100],40,0.333,21.4375749619212,0.17036169,0.25624645,0.27354023
lastfm-asia,mf,17,Country,stratified,1.0,"{""0"": 0.3333333333333333, ""10"": 0.3333333333333333, ""3"": 0.3333333333333333}",4,2422,2,0.1,0.01,[100],40,0.331,21.22732242406346,0.16931681,0.24878717,0.27043227
lastfm-asia,mf,17,Country,stratified,1.0,"{""0"": 0.3333333333333333, ""10"": 0.3333333333333333, ""3"": 0.3333333333333333}",4,2423,3,0.1,0.01,[100],40,0.325,22.794047709088773,0.1709578,0.25872613,0.27424944
lastfm-asia,mf,17,Country,stratified,1.0,"{""0"": 0.3333333333333333, ""10"": 0.3333333333333333, ""3"": 0.3333333333333333}",4,2424,4,0.1,0.01,[100],40,0.339,21.001497488934547,0.16687207,0.24959871,0.26911383
lastfm-asia,mf,17,Country,stratified,1.0,"{""0"": 0.3333333333333333, ""10"": 0.3333333333333333, ""3"": 0.3333333333333333}",4,2425,5,0.1,0.01,[100],40,0.337,20.469957757974043,0.16127261,0.24246029,0.25577306
lastfm-asia,mf,17,Country,stratified,1.0,"{""0"": 0.3333333333333333, ""10"": 0.3333333333333333, ""3"": 0.3333333333333333}",4,2426,6,0.1,0.01,[100],40,0.33,20.980379163986072,0.17432686,0.2550955,0.27640969
lastfm-asia,mf,17,Country,stratified,1.0,"{""0"": 0.3333333333333333, ""10"": 0.3333333333333333, ""3"": 0.3333333333333333}",4,2427,7,0.1,0.01,[100],40,0.332,20.861729661934078,0.16334226,0.24283826,0.25857658
lastfm-asia,mf,17,Country,stratified,1.0,"{""0"": 0.3333333333333333, ""10"": 0.3333333333333333, ""3"": 0.3333333333333333}",4,2428,8,0.1,0.01,[100],40,0.335,20.957980526145548,0.16369056,0.24292764,0.26029992
lastfm-asia,mf,17,Country,stratified,1.0,"{""0"": 0.3333333333333333, ""10"": 0.3333333333333333, ""3"": 0.3333333333333333}",4,2429,9,0.1,0.01,[100],40,0.334,21.365688198944554,0.16034159,0.24510178,0.25643157
lastfm-asia,mf,17,Country,stratified,1.0,"{""0"": 0.3333333333333333, ""10"": 0.3333333333333333, ""3"": 0.3333333333333333}",4,2430,10,0.1,0.01,[100],40,0.331,20.424699012888595,0.16691896,0.24664009,0.26661832
lastfm-asia,mf,17,Country,stratified,1.0,"{""0"": 0.3333333333333333, ""10"": 0.3333333333333333, ""3"": 0.3333333333333333}",4,2431,11,0.1,0.01,[100],40,0.33,21.24467352195643,0.16473543,0.24625268,0.26216436
lastfm-asia,mf,17,Country,stratified,1.0,"{""0"": 0.3333333333333333, ""10"": 0.3333333333333333, ""3"": 0.3333333333333333}",4,2432,12,0.1,0.01,[100],40,0.324,21.138073595939204,0.17344943,0.26212222,0.27946195
lastfm-asia,mf,17,Country,stratified,1.0,"{""0"": 0.3333333333333333, ""10"": 0.3333333333333333, ""3"": 0.3333333333333333}",4,2433,13,0.1,0.01,[100],40,0.33,21.064814299112186,0.17184193,0.25345256,0.27337079
lastfm-asia,mf,17,Country,stratified,1.0,"{""0"": 0.3333333333333333, ""10"": 0.3333333333333333, ""3"": 0.3333333333333333}",4,2434,14,0.1,0.01,[100],40,0.336,21.068147122161463,0.16309444,0.24276066,0.26184664
lastfm-asia,mf,17,Country,stratified,1.0,"{""0"": 0.3333333333333333, ""10"": 0.3333333333333333, ""3"": 0.3333333333333333}",4,2435,15,0.1,0.01,[100],40,0.336,21.640425944933668,0.16821835,0.24795253,0.26857111
lastfm-asia,mf,17,Country,stratified,1.0,"{""0"": 0.3333333333333333, ""10"": 0.3333333333333333, ""3"": 0.3333333333333333}",4,2436,16,0.1,0.01,[100],40,0.335,20.958482604008168,0.16660415,0.24526054,0.26464216
lastfm-asia,mf,17,Country,stratified,1.0,"{""0"": 0.3333333333333333, ""10"": 0.3333333333333333, ""3"": 0.3333333333333333}",4,2437,17,0.1,0.01,[100],40,0.323,21.88137253280729,0.17429337,0.26042131,0.2794704
lastfm-asia,mf,17,Country,stratified,1.0,"{""0"": 0.3333333333333333, ""10"": 0.3333333333333333, ""3"": 0.3333333333333333}",4,2438,18,0.1,0.01,[100],40,0.324,21.86045083217323,0.17074347,0.25406757,0.27111971
lastfm-asia,mf,17,Country,stratified,1.0,"{""0"": 0.3333333333333333, ""10"": 0.3333333333333333, ""3"": 0.3333333333333333}",4,2439,19,0.1,0.01,[100],40,0.328,21.243617473868653,0.1719491,0.26112354,0.277748
lastfm-asia,mf,17,Country,stratified,1.0,"{""0"": 0.3333333333333333, ""10"": 0.3333333333333333, ""3"": 0.3333333333333333}",4,2440,20,0.1,0.01,[100],40,0.329,20.9225061731413,0.16886805,0.25225486,0.268404
lastfm-asia,mf,17,Country,proportional,1.0,"{""0"": 0.3749557835160948, ""10"": 0.4474708171206226, ""3"": 0.17757339936328262}",8,2821,1,0.1,0.01,[100],40,0.277,21.03839914384298,0.20840589,0.31307988,0.33484975
lastfm-asia,mf,17,Country,proportional,1.0,"{""0"": 0.3749557835160948, ""10"": 0.4474708171206226, ""3"": 0.17757339936328262}",8,2822,2,0.1,0.01,[100],40,0.275,21.159247793024406,0.20764233,0.30982779,0.33126155
lastfm-asia,mf,17,Country,proportional,1.0,"{""0"": 0.3749557835160948, ""10"": 0.4474708171206226, ""3"": 0.17757339936328262}",8,2823,3,0.1,0.01,[100],40,0.283,21.39391069789417,0.20153382,0.30326321,0.32227849
lastfm-asia,mf,17,Country,proportional,1.0,"{""0"": 0.3749557835160948, ""10"": 0.4474708171206226, ""3"": 0.17757339936328262}",8,2824,4,0.1,0.01,[100],40,0.279,20.79933652188629,0.20124581,0.30265461,0.32274301
lastfm-asia,mf,17,Country,proportional,1.0,"{""0"": 0.3749557835160948, ""10"": 0.4474708171206226, ""3"": 0.17757339936328262}",8,2825,5,0.1,0.01,[100],40,0.279,21.081789064919576,0.20337575,0.30366481,0.32476283
lastfm-asia,mf,17,Country,proportional,1.0,"{""0"": 0.3749557835160948, ""10"": 0.4474708171206226, ""3"": 0.17757339936328262}",8,2826,6,0.1,0.01,[100],40,0.281,21.019459304166958,0.20531145,0.30933751,0.3286581
lastfm-asia,mf,17,Country,proportional,1.0,"{""0"": 0.3749557835160948, ""10"": 0.4474708171206226, ""3"": 0.17757339936328262}",8,2827,7,0.1,0.01,[100],40,0.276,20.92735256999731,0.20563295,0.30977154,0.32898463
lastfm-asia,mf,17,Country,proportional,1.0,"{""0"": 0.3749557835160948, ""10"": 0.4474708171206226, ""3"": 0.17757339936328262}",8,2828,8,0.1,0.01,[100],40,0.281,21.287270328961313,0.20139317,0.29701458,0.32045577
lastfm-asia,mf,17,Country,proportional,1.0,"{""0"": 0.3749557835160948, ""10"": 0.4474708171206226, ""3"": 0.17757339936328262}",8,2829,9,0.1,0.01,[100],40,0.278,21.21290811896324,0.2051574,0.30706934,0.32849113
lastfm-asia,mf,17,Country,proportional,1.0,"{""0"": 0.3749557835160948, ""10"": 0.4474708171206226, ""3"": 0.17757339936328262}",8,2830,10,0.1,0.01,[100],40,0.284,21.1529250908643,0.20442733,0.30875285,0.3282146
lastfm-asia,mf,17,Country,proportional,1.0,"{""0"": 0.3749557835160948, ""10"": 0.4474708171206226, ""3"": 0.17757339936328262}",8,2831,11,0.1,0.01,[100],40,0.28,21.29634868307039,0.20156062,0.30051934,0.3206642
lastfm-asia,mf,17,Country,proportional,1.0,"{""0"": 0.3749557835160948, ""10"": 0.4474708171206226, ""3"": 0.17757339936328262}",8,2832,12,0.1,0.01,[100],40,0.281,21.26742331101559,0.20372405,0.30560654,0.32549779
lastfm-asia,mf,17,Country,proportional,1.0,"{""0"": 0.3749557835160948, ""10"": 0.4474708171206226, ""3"": 0.17757339936328262}",8,2833,13,0.1,0.01,[100],40,0.275,21.09283039206639,0.20826524,0.31256582,0.33271635
lastfm-asia,mf,17,Country,proportional,1.0,"{""0"": 0.3749557835160948, ""10"": 0.4474708171206226, ""3"": 0.17757339936328262}",8,2834,14,0.1,0.01,[100],40,0.277,21.65754281403497,0.20684528,0.31045533,0.33010873
lastfm-asia,mf,17,Country,proportional,1.0,"{""0"": 0.3749557835160948, ""10"": 0.4474708171206226, ""3"": 0.17757339936328262}",8,2835,15,0.1,0.01,[100],40,0.28,21.438132888870314,0.20413932,0.30496591,0.3241995
lastfm-asia,mf,17,Country,proportional,1.0,"{""0"": 0.3749557835160948, ""10"": 0.4474708171206226, ""3"": 0.17757339936328262}",8,2836,16,0.1,0.01,[100],40,0.285,20.91205892106518,0.20146015,0.30221664,0.32290324
lastfm-asia,mf,17,Country,proportional,1.0,"{""0"": 0.3749557835160948, ""10"": 0.4474708171206226, ""3"": 0.17757339936328262}",8,2837,17,0.1,0.01,[100],40,0.277,21.31104326318018,0.20798392,0.31016847,0.33231191
lastfm-asia,mf,17,Country,proportional,1.0,"{""0"": 0.3749557835160948, ""10"": 0.4474708171206226, ""3"": 0.17757339936328262}",8,2838,18,0.1,0.01,[100],40,0.276,21.0563102660235,0.20830543,0.31164165,0.33397415
lastfm-asia,mf,17,Country,proportional,1.0,"{""0"": 0.3749557835160948, ""10"": 0.4474708171206226, ""3"": 0.17757339936328262}",8,2839,19,0.1,0.01,[100],40,0.281,21.106778481043875,0.20722036,0.30792637,0.3298081
lastfm-asia,mf,17,Country,proportional,1.0,"{""0"": 0.3749557835160948, ""10"": 0.4474708171206226, ""3"": 0.17757339936328262}",8,2840,20,0.1,0.01,[100],40,0.277,21.019347828812897,0.20550569,0.30834177,0.32813186
lastfm-asia,mf,17,Country,stratified,1.0,"{""0"": 0.3333333333333333, ""10"": 0.3333333333333333, ""3"": 0.3333333333333333}",8,2821,1,0.1,0.01,[100],40,0.276,21.100121500901878,0.20864702,0.31248669,0.33462508
lastfm-asia,mf,17,Country,stratified,1.0,"{""0"": 0.3333333333333333, ""10"": 0.3333333333333333, ""3"": 0.3333333333333333}",8,2822,2,0.1,0.01,[100],40,0.278,20.945397982141003,0.20309444,0.30402123,0.3227319
lastfm-asia,mf,17,Country,stratified,1.0,"{""0"": 0.3333333333333333, ""10"": 0.3333333333333333, ""3"": 0.3333333333333333}",8,2823,3,0.1,0.01,[100],40,0.283,21.1376674559433,0.1993436,0.29923027,0.31857576
lastfm-asia,mf,17,Country,stratified,1.0,"{""0"": 0.3333333333333333, ""10"": 0.3333333333333333, ""3"": 0.3333333333333333}",8,2824,4,0.1,0.01,[100],40,0.277,21.30222220090218,0.20304086,0.30237969,0.32292817
lastfm-asia,mf,17,Country,stratified,1.0,"{""0"": 0.3333333333333333, ""10"": 0.3333333333333333, ""3"": 0.3333333333333333}",8,2825,5,0.1,0.01,[100],40,0.279,21.266877559944987,0.20184863,0.30194188,0.32272555
lastfm-asia,mf,17,Country,stratified,1.0,"{""0"": 0.3333333333333333, ""10"": 0.3333333333333333, ""3"": 0.3333333333333333}",8,2826,6,0.1,0.01,[100],40,0.282,21.111065414967015,0.20583389,0.30902129,0.32860574
lastfm-asia,mf,17,Country,stratified,1.0,"{""0"": 0.3333333333333333, ""10"": 0.3333333333333333, ""3"": 0.3333333333333333}",8,2827,7,0.1,0.01,[100],40,0.276,21.136687493883073,0.20570663,0.30886845,0.3289862
lastfm-asia,mf,17,Country,stratified,1.0,"{""0"": 0.3333333333333333, ""10"": 0.3333333333333333, ""3"": 0.3333333333333333}",8,2828,8,0.1,0.01,[100],40,0.283,21.03914359002374,0.19908238,0.29400792,0.31523896
lastfm-asia,mf,17,Country,stratified,1.0,"{""0"": 0.3333333333333333, ""10"": 0.3333333333333333, ""3"": 0.3333333333333333}",8,2829,9,0.1,0.01,[100],40,0.282,21.126130326185375,0.20025452,0.30163304,0.3217531
lastfm-asia,mf,17,Country,stratified,1.0,"{""0"": 0.3333333333333333, ""10"": 0.3333333333333333, ""3"": 0.3333333333333333}",8,2830,10,0.1,0.01,[100],40,0.282,21.040735247079283,0.2025653,0.30576053,0.3252395
lastfm-asia,mf,17,Country,stratified,1.0,"{""0"": 0.3333333333333333, ""10"": 0.3333333333333333, ""3"": 0.3333333333333333}",8,2831,11,0.1,0.01,[100],40,0.28,20.78072143602185,0.20104488,0.30025326,0.32198908
lastfm-asia,mf,17,Country,stratified,1.0,"{""0"": 0.3333333333333333, ""10"": 0.3333333333333333, ""3"": 0.3333333333333333}",8,2832,12,0.1,0.01,[100],40,0.28,21.145291375927627,0.20401875,0.3041759,0.32418905
lastfm-asia,mf,17,Country,stratified,1.0,"{""0"": 0.3333333333333333, ""10"": 0.3333333333333333, ""3"": 0.3333333333333333}",8,2833,13,0.1,0.01,[100],40,0.276,21.079785441979766,0.20689886,0.30976584,0.33053788
lastfm-asia,mf,17,Country,stratified,1.0,"{""0"": 0.3333333333333333, ""10"": 0.3333333333333333, ""3"": 0.3333333333333333}",8,2834,14,0.1,0.01,[100],40,0.278,20.980457060970366,0.20603483,0.30898184,0.32820546
lastfm-asia,mf,17,Country,stratified,1.0,"{""0"": 0.3333333333333333, ""10"": 0.3333333333333333, ""3"": 0.3333333333333333}",8,2835,15,0.1,0.01,[100],40,0.29,20.989024586975574,0.19623577,0.29411876,0.31469046
lastfm-asia,mf,17,Country,stratified,1.0,"{""0"": 0.3333333333333333, ""10"": 0.3333333333333333, ""3"": 0.3333333333333333}",8,2836,16,0.1,0.01,[100],40,0.281,21.505597996991128,0.20383791,0.30396841,0.32618079
lastfm-asia,mf,17,Country,stratified,1.0,"{""0"": 0.3333333333333333, ""10"": 0.3333333333333333, ""3"": 0.3333333333333333}",8,2837,17,0.1,0.01,[100],40,0.279,21.6734864320606,0.20505693,0.30559418,0.32575883
lastfm-asia,mf,17,Country,stratified,1.0,"{""0"": 0.3333333333333333, ""10"": 0.3333333333333333, ""3"": 0.3333333333333333}",8,2838,18,0.1,0.01,[100],40,0.277,21.56171813607216,0.20697924,0.31127003,0.33103839
lastfm-asia,mf,17,Country,stratified,1.0,"{""0"": 0.3333333333333333, ""10"": 0.3333333333333333, ""3"": 0.3333333333333333}",8,2839,19,0.1,0.01,[100],40,0.279,21.30494257900864,0.20696584,0.30903584,0.33028552
lastfm-asia,mf,17,Country,stratified,1.0,"{""0"": 0.3333333333333333, ""10"": 0.3333333333333333, ""3"": 0.3333333333333333}",8,2840,20,0.1,0.01,[100],40,0.277,21.61799102392979,0.20469524,0.30614013,0.32629822
lastfm-asia,mf,17,Country,proportional,1.0,"{""0"": 0.3749557835160948, ""10"": 0.4474708171206226, ""3"": 0.17757339936328262}",16,3621,1,0.1,0.01,[100],40,0.258,21.16442115488462,0.22728734,0.34122476,0.36489037
lastfm-asia,mf,17,Country,proportional,1.0,"{""0"": 0.3749557835160948, ""10"": 0.4474708171206226, ""3"": 0.17757339936328262}",16,3622,2,0.1,0.01,[100],40,0.259,21.338511005975306,0.22866042,0.34396005,0.36802851
lastfm-asia,mf,17,Country,proportional,1.0,"{""0"": 0.3749557835160948, ""10"": 0.4474708171206226, ""3"": 0.17757339936328262}",16,3623,3,0.1,0.01,[100],40,0.257,21.453426805092022,0.2277428,0.34405881,0.36768187
lastfm-asia,mf,17,Country,proportional,1.0,"{""0"": 0.3749557835160948, ""10"": 0.4474708171206226, ""3"": 0.17757339936328262}",16,3624,4,0.1,0.01,[100],40,0.257,21.618002525065094,0.22747488,0.34120455,0.3645872
lastfm-asia,mf,17,Country,proportional,1.0,"{""0"": 0.3749557835160948, ""10"": 0.4474708171206226, ""3"": 0.17757339936328262}",16,3625,5,0.1,0.01,[100],40,0.257,21.786961138015613,0.22765573,0.34274985,0.36675392
lastfm-asia,mf,17,Country,proportional,1.0,"{""0"": 0.3749557835160948, ""10"": 0.4474708171206226, ""3"": 0.17757339936328262}",16,3626,6,0.1,0.01,[100],40,0.258,21.677841472206637,0.22758205,0.34113544,0.36673539
lastfm-asia,mf,17,Country,proportional,1.0,"{""0"": 0.3749557835160948, ""10"": 0.4474708171206226, ""3"": 0.17757339936328262}",16,3627,7,0.1,0.01,[100],40,0.257,21.672218999825418,0.2277294,0.3415773,0.36514818
lastfm-asia,mf,17,Country,proportional,1.0,"{""0"": 0.3749557835160948, ""10"": 0.4474708171206226, ""3"": 0.17757339936328262}",16,3628,8,0.1,0.01,[100],40,0.258,21.576698157005012,0.22798392,0.34172855,0.36651338
lastfm-asia,mf,17,Country,proportional,1.0,"{""0"": 0.3749557835160948, ""10"": 0.4474708171206226, ""3"": 0.17757339936328262}",16,3629,9,0.1,0.01,[100],40,0.258,21.15383097087033,0.22814468,0.3436927,0.36722477
lastfm-asia,mf,17,Country,proportional,1.0,"{""0"": 0.3749557835160948, ""10"": 0.4474708171206226, ""3"": 0.17757339936328262}",16,3630,10,0.1,0.01,[100],40,0.258,21.576405311003327,0.22730074,0.34146597,0.36714619
lastfm-asia,mf,17,Country,proportional,1.0,"{""0"": 0.3749557835160948, ""10"": 0.4474708171206226, ""3"": 0.17757339936328262}",16,3631,11,0.1,0.01,[100],40,0.257,21.56772415386513,0.22872739,0.34464008,0.36836218
lastfm-asia,mf,17,Country,proportional,1.0,"{""0"": 0.3749557835160948, ""10"": 0.4474708171206226, ""3"": 0.17757339936328262}",16,3632,12,0.1,0.01,[100],40,0.257,21.83249525516294,0.22853985,0.34336818,0.36623246
lastfm-asia,mf,17,Country,proportional,1.0,"{""0"": 0.3749557835160948, ""10"": 0.4474708171206226, ""3"": 0.17757339936328262}",16,3633,13,0.1,0.01,[100],40,0.257,21.556733096949756,0.22750167,0.34022309,0.36268686
lastfm-asia,mf,17,Country,proportional,1.0,"{""0"": 0.3749557835160948, ""10"": 0.4474708171206226, ""3"": 0.17757339936328262}",16,3634,14,0.1,0.01,[100],40,0.258,21.860906606074423,0.22795713,0.34048906,0.3654727
lastfm-asia,mf,17,Country,proportional,1.0,"{""0"": 0.3749557835160948, ""10"": 0.4474708171206226, ""3"": 0.17757339936328262}",16,3635,15,0.1,0.01,[100],40,0.259,21.836933047045022,0.22704622,0.33982749,0.36517172
lastfm-asia,mf,17,Country,proportional,1.0,"{""0"": 0.3749557835160948, ""10"": 0.4474708171206226, ""3"": 0.17757339936328262}",16,3636,16,0.1,0.01,[100],40,0.258,21.627555345883593,0.22728734,0.34093099,0.36525867
lastfm-asia,mf,17,Country,proportional,1.0,"{""0"": 0.3749557835160948, ""10"": 0.4474708171206226, ""3"": 0.17757339936328262}",16,3637,17,0.1,0.01,[100],40,0.257,21.85378254717216,0.22779638,0.34209669,0.36744099
lastfm-asia,mf,17,Country,proportional,1.0,"{""0"": 0.3749557835160948, ""10"": 0.4474708171206226, ""3"": 0.17757339936328262}",16,3638,18,0.1,0.01,[100],40,0.256,21.60124392900616,0.22897522,0.34580442,0.36876119
lastfm-asia,mf,17,Country,proportional,1.0,"{""0"": 0.3749557835160948, ""10"": 0.4474708171206226, ""3"": 0.17757339936328262}",16,3639,19,0.1,0.01,[100],40,0.258,21.566859074868262,0.22797053,0.34429812,0.36677198
lastfm-asia,mf,17,Country,proportional,1.0,"{""0"": 0.3749557835160948, ""10"": 0.4474708171206226, ""3"": 0.17757339936328262}",16,3640,20,0.1,0.01,[100],40,0.26,21.449031305033714,0.22476892,0.3374215,0.36038044
lastfm-asia,mf,17,Country,stratified,1.0,"{""0"": 0.3333333333333333, ""10"": 0.3333333333333333, ""3"": 0.3333333333333333}",16,3621,1,0.1,0.01,[100],40,0.257,21.668044053949416,0.22573342,0.33858187,0.36185298
lastfm-asia,mf,17,Country,stratified,1.0,"{""0"": 0.3333333333333333, ""10"": 0.3333333333333333, ""3"": 0.3333333333333333}",16,3622,2,0.1,0.01,[100],40,0.259,21.250793954124674,0.22701273,0.33988102,0.36536477
lastfm-asia,mf,17,Country,stratified,1.0,"{""0"": 0.3333333333333333, ""10"": 0.3333333333333333, ""3"": 0.3333333333333333}",16,3623,3,0.1,0.01,[100],40,0.256,21.646102832863107,0.22681849,0.34093422,0.36495964
lastfm-asia,mf,17,Country,stratified,1.0,"{""0"": 0.3333333333333333, ""10"": 0.3333333333333333, ""3"": 0.3333333333333333}",16,3624,4,0.1,0.01,[100],40,0.258,22.127376552904025,0.22356999,0.33582165,0.35883847
lastfm-asia,mf,17,Country,stratified,1.0,"{""0"": 0.3333333333333333, ""10"": 0.3333333333333333, ""3"": 0.3333333333333333}",16,3625,5,0.1,0.01,[100],40,0.256,21.55237477994524,0.22610851,0.33872542,0.36370765
lastfm-asia,mf,17,Country,stratified,1.0,"{""0"": 0.3333333333333333, ""10"": 0.3333333333333333, ""3"": 0.3333333333333333}",16,3626,6,0.1,0.01,[100],40,0.257,21.608362547820434,0.22659076,0.34081084,0.36518764
lastfm-asia,mf,17,Country,stratified,1.0,"{""0"": 0.3333333333333333, ""10"": 0.3333333333333333, ""3"": 0.3333333333333333}",16,3627,7,0.1,0.01,[100],40,0.256,21.556522546801716,0.2267582,0.34047361,0.36301011
lastfm-asia,mf,17,Country,stratified,1.0,"{""0"": 0.3333333333333333, ""10"": 0.3333333333333333, ""3"": 0.3333333333333333}",16,3628,8,0.1,0.01,[100],40,0.259,21.339276438113302,0.2242063,0.33566145,0.35921421
lastfm-asia,mf,17,Country,stratified,1.0,"{""0"": 0.3333333333333333, ""10"": 0.3333333333333333, ""3"": 0.3333333333333333}",16,3629,9,0.1,0.01,[100],40,0.257,21.411110775079578,0.22769591,0.34229053,0.36528965
lastfm-asia,mf,17,Country,stratified,1.0,"{""0"": 0.3333333333333333, ""10"": 0.3333333333333333, ""3"": 0.3333333333333333}",16,3630,10,0.1,0.01,[100],40,0.257,21.752483999123797,0.22606832,0.33935403,0.3644838
lastfm-asia,mf,17,Country,stratified,1.0,"{""0"": 0.3333333333333333, ""10"": 0.3333333333333333, ""3"": 0.3333333333333333}",16,3631,11,0.1,0.01,[100],40,0.257,21.424653651891276,0.22732753,0.34272488,0.36462708
lastfm-asia,mf,17,Country,stratified,1.0,"{""0"": 0.3333333333333333, ""10"": 0.3333333333333333, ""3"": 0.3333333333333333}",16,3632,12,0.1,0.01,[100],40,0.256,21.523041866952553,0.22705291,0.3406588,0.36261196
lastfm-asia,mf,17,Country,stratified,1.0,"{""0"": 0.3333333333333333, ""10"": 0.3333333333333333, ""3"": 0.3333333333333333}",16,3633,13,0.1,0.01,[100],40,0.257,21.709832557011396,0.22584059,0.33735988,0.35848154
lastfm-asia,mf,17,Country,stratified,1.0,"{""0"": 0.3333333333333333, ""10"": 0.3333333333333333, ""3"": 0.3333333333333333}",16,3634,14,0.1,0.01,[100],40,0.258,21.376259240088984,0.22647689,0.33912961,0.36356307
lastfm-asia,mf,17,Country,stratified,1.0,"{""0"": 0.3333333333333333, ""10"": 0.3333333333333333, ""3"": 0.3333333333333333}",16,3635,15,0.1,0.01,[100],40,0.258,21.770786873064935,0.22622237,0.33989573,0.36251379
lastfm-asia,mf,17,Country,stratified,1.0,"{""0"": 0.3333333333333333, ""10"": 0.3333333333333333, ""3"": 0.3333333333333333}",16,3636,16,0.1,0.01,[100],40,0.258,21.81627736403607,0.22542532,0.33909378,0.36138953
lastfm-asia,mf,17,Country,stratified,1.0,"{""0"": 0.3333333333333333, ""10"": 0.3333333333333333, ""3"": 0.3333333333333333}",16,3637,17,0.1,0.01,[100],40,0.256,22.083158527035266,0.22609511,0.33981922,0.36371014
lastfm-asia,mf,17,Country,stratified,1.0,"{""0"": 0.3333333333333333, ""10"": 0.3333333333333333, ""3"": 0.3333333333333333}",16,3638,18,0.1,0.01,[100],40,0.255,21.73349202191457,0.22933021,0.34465619,0.36819782
lastfm-asia,mf,17,Country,stratified,1.0,"{""0"": 0.3333333333333333, ""10"": 0.3333333333333333, ""3"": 0.3333333333333333}",16,3639,19,0.1,0.01,[100],40,0.257,21.932928480906412,0.22672472,0.34177329,0.36455177
lastfm-asia,mf,17,Country,stratified,1.0,"{""0"": 0.3333333333333333, ""10"": 0.3333333333333333, ""3"": 0.3333333333333333}",16,3640,20,0.1,0.01,[100],40,0.259,21.38184107001871,0.22446752,0.33703422,0.35944466
lastfm-asia,mf,17,Country,proportional,1.0,"{""0"": 0.3749557835160948, ""10"": 0.4474708171206226, ""3"": 0.17757339936328262}",32,5221,1,0.1,0.01,[100],40,0.25,21.747447092086077,0.23866711,0.35848081,0.38507558
lastfm-asia,mf,17,Country,proportional,1.0,"{""0"": 0.3749557835160948, ""10"": 0.4474708171206226, ""3"": 0.17757339936328262}",32,5222,2,0.1,0.01,[100],40,0.25,22.173687864094973,0.23810449,0.35983463,0.38635965
lastfm-asia,mf,17,Country,proportional,1.0,"{""0"": 0.3749557835160948, ""10"": 0.4474708171206226, ""3"": 0.17757339936328262}",32,5223,3,0.1,0.01,[100],40,0.25,21.459314988926053,0.23787006,0.3597539,0.38570122
lastfm-asia,mf,17,Country,proportional,1.0,"{""0"": 0.3749557835160948, ""10"": 0.4474708171206226, ""3"": 0.17757339936328262}",32,5224,4,0.1,0.01,[100],40,0.25,21.839452661806718,0.23720027,0.35689682,0.38307853
lastfm-asia,mf,17,Country,proportional,1.0,"{""0"": 0.3749557835160948, ""10"": 0.4474708171206226, ""3"": 0.17757339936328262}",32,5225,5,0.1,0.01,[100],40,0.25,21.93758687702939,0.23713329,0.35779177,0.3852895
lastfm-asia,mf,17,Country,proportional,1.0,"{""0"": 0.3749557835160948, ""10"": 0.4474708171206226, ""3"": 0.17757339936328262}",32,5226,6,0.1,0.01,[100],40,0.251,21.954797100042924,0.23761554,0.3588395,0.3863703
lastfm-asia,mf,17,Country,proportional,1.0,"{""0"": 0.3749557835160948, ""10"": 0.4474708171206226, ""3"": 0.17757339936328262}",32,5227,7,0.1,0.01,[100],40,0.25,22.015182656003162,0.23735432,0.35690476,0.38261384
lastfm-asia,mf,17,Country,proportional,1.0,"{""0"": 0.3749557835160948, ""10"": 0.4474708171206226, ""3"": 0.17757339936328262}",32,5228,8,0.1,0.01,[100],40,0.25,22.20114482496865,0.23683858,0.35654567,0.38308211
lastfm-asia,mf,17,Country,proportional,1.0,"{""0"": 0.3749557835160948, ""10"": 0.4474708171206226, ""3"": 0.17757339936328262}",32,5229,9,0.1,0.01,[100],40,0.25,22.528499890118837,0.23711319,0.35630273,0.38402183
lastfm-asia,mf,17,Country,proportional,1.0,"{""0"": 0.3749557835160948, ""10"": 0.4474708171206226, ""3"": 0.17757339936328262}",32,5230,10,0.1,0.01,[100],40,0.25,21.972637240076438,0.23780978,0.35811948,0.38363602
lastfm-asia,mf,17,Country,proportional,1.0,"{""0"": 0.3749557835160948, ""10"": 0.4474708171206226, ""3"": 0.17757339936328262}",32,5231,11,0.1,0.01,[100],40,0.25,21.799706743797287,0.23725385,0.35702416,0.38356862
lastfm-asia,mf,17,Country,proportional,1.0,"{""0"": 0.3749557835160948, ""10"": 0.4474708171206226, ""3"": 0.17757339936328262}",32,5232,12,0.1,0.01,[100],40,0.251,21.66106105595827,0.23649029,0.35552768,0.38294291
lastfm-asia,mf,17,Country,proportional,1.0,"{""0"": 0.3749557835160948, ""10"": 0.4474708171206226, ""3"": 0.17757339936328262}",32,5233,13,0.1,0.01,[100],40,0.25,21.399593215901405,0.2367783,0.35618354,0.38185561
lastfm-asia,mf,17,Country,proportional,1.0,"{""0"": 0.3749557835160948, ""10"": 0.4474708171206226, ""3"": 0.17757339936328262}",32,5234,14,0.1,0.01,[100],40,0.25,22.151920442003757,0.23784327,0.3601134,0.38485961
lastfm-asia,mf,17,Country,proportional,1.0,"{""0"": 0.3749557835160948, ""10"": 0.4474708171206226, ""3"": 0.17757339936328262}",32,5235,15,0.1,0.01,[100],40,0.25,22.099064784124494,0.23797723,0.35907975,0.38523246
lastfm-asia,mf,17,Country,proportional,1.0,"{""0"": 0.3749557835160948, ""10"": 0.4474708171206226, ""3"": 0.17757339936328262}",32,5236,16,0.1,0.01,[100],40,0.25,22.09107599197887,0.23780308,0.35990106,0.38588718
lastfm-asia,mf,17,Country,proportional,1.0,"{""0"": 0.3749557835160948, ""10"": 0.4474708171206226, ""3"": 0.17757339936328262}",32,5237,17,0.1,0.01,[100],40,0.251,22.574698887066916,0.23567314,0.35664679,0.38150399
lastfm-asia,mf,17,Country,proportional,1.0,"{""0"": 0.3749557835160948, ""10"": 0.4474708171206226, ""3"": 0.17757339936328262}",32,5238,18,0.1,0.01,[100],40,0.25,21.954742891015485,0.23762224,0.357605,0.38355661
lastfm-asia,mf,17,Country,proportional,1.0,"{""0"": 0.3749557835160948, ""10"": 0.4474708171206226, ""3"": 0.17757339936328262}",32,5239,19,0.1,0.01,[100],40,0.25,21.825068342965096,0.23766912,0.35706133,0.38500326
lastfm-asia,mf,17,Country,proportional,1.0,"{""0"": 0.3749557835160948, ""10"": 0.4474708171206226, ""3"": 0.17757339936328262}",32,5240,20,0.1,0.01,[100],40,0.249,21.12590575311333,0.23687207,0.35699266,0.3836011
lastfm-asia,mf,17,Country,stratified,1.0,"{""0"": 0.3333333333333333, ""10"": 0.3333333333333333, ""3"": 0.3333333333333333}",32,5221,1,0.1,0.01,[100],40,0.248,22.48759677889757,0.23761554,0.35727605,0.38190503
lastfm-asia,mf,17,Country,stratified,1.0,"{""0"": 0.3333333333333333, ""10"": 0.3333333333333333, ""3"": 0.3333333333333333}",32,5222,2,0.1,0.01,[100],40,0.248,22.248733749147505,0.23624916,0.35812563,0.38309174
lastfm-asia,mf,17,Country,stratified,1.0,"{""0"": 0.3333333333333333, ""10"": 0.3333333333333333, ""3"": 0.3333333333333333}",32,5223,3,0.1,0.01,[100],40,0.248,22.176863339031115,0.2367716,0.35675997,0.38279517
lastfm-asia,mf,17,Country,stratified,1.0,"{""0"": 0.3333333333333333, ""10"": 0.3333333333333333, ""3"": 0.3333333333333333}",32,5224,4,0.1,0.01,[100],40,0.248,21.959007643861696,0.23598794,0.35478227,0.38178987
lastfm-asia,mf,17,Country,stratified,1.0,"{""0"": 0.3333333333333333, ""10"": 0.3333333333333333, ""3"": 0.3333333333333333}",32,5225,5,0.1,0.01,[100],40,0.248,22.039485447108746,0.23660415,0.35842496,0.38224632
lastfm-asia,mf,17,Country,stratified,1.0,"{""0"": 0.3333333333333333, ""10"": 0.3333333333333333, ""3"": 0.3333333333333333}",32,5226,6,0.1,0.01,[100],40,0.249,21.547600395046175,0.23665104,0.35789404,0.38430684
lastfm-asia,mf,17,Country,stratified,1.0,"{""0"": 0.3333333333333333, ""10"": 0.3333333333333333, ""3"": 0.3333333333333333}",32,5227,7,0.1,0.01,[100],40,0.248,21.71655823593028,0.23608171,0.35421198,0.37991878
lastfm-asia,mf,17,Country,stratified,1.0,"{""0"": 0.3333333333333333, ""10"": 0.3333333333333333, ""3"": 0.3333333333333333}",32,5228,8,0.1,0.01,[100],40,0.248,21.836093463934958,0.23577361,0.35479797,0.37963616
lastfm-asia,mf,17,Country,stratified,1.0,"{""0"": 0.3333333333333333, ""10"": 0.3333333333333333, ""3"": 0.3333333333333333}",32,5229,9,0.1,0.01,[100],40,0.248,21.817636624909937,0.23679839,0.35671646,0.38261574
lastfm-asia,mf,17,Country,stratified,1.0,"{""0"": 0.3333333333333333, ""10"": 0.3333333333333333, ""3"": 0.3333333333333333}",32,5230,10,0.1,0.01,[100],40,0.248,21.689334199996665,0.23619558,0.35629882,0.38102117
lastfm-asia,mf,17,Country,stratified,1.0,"{""0"": 0.3333333333333333, ""10"": 0.3333333333333333, ""3"": 0.3333333333333333}",32,5231,11,0.1,0.01,[100],40,0.248,21.22186635993421,0.23558607,0.35392353,0.38037049
lastfm-asia,mf,17,Country,stratified,1.0,"{""0"": 0.3333333333333333, ""10"": 0.3333333333333333, ""3"": 0.3333333333333333}",32,5232,12,0.1,0.01,[100],40,0.249,21.74683407996781,0.23567314,0.35473552,0.38129803
lastfm-asia,mf,17,Country,stratified,1.0,"{""0"": 0.3333333333333333, ""10"": 0.3333333333333333, ""3"": 0.3333333333333333}",32,5233,13,0.1,0.01,[100],40,0.249,21.456680294126272,0.23480911,0.35260149,0.37832348
lastfm-asia,mf,17,Country,stratified,1.0,"{""0"": 0.3333333333333333, ""10"": 0.3333333333333333, ""3"": 0.3333333333333333}",32,5234,14,0.1,0.01,[100],40,0.248,21.729908643988892,0.23594106,0.35618527,0.38161574
lastfm-asia,mf,17,Country,stratified,1.0,"{""0"": 0.3333333333333333, ""10"": 0.3333333333333333, ""3"": 0.3333333333333333}",32,5235,15,0.1,0.01,[100],40,0.249,22.100304235937074,0.23582719,0.35444989,0.38212594
lastfm-asia,mf,17,Country,stratified,1.0,"{""0"": 0.3333333333333333, ""10"": 0.3333333333333333, ""3"": 0.3333333333333333}",32,5236,16,0.1,0.01,[100],40,0.249,21.700283352052793,0.23567314,0.35661356,0.38139206
lastfm-asia,mf,17,Country,stratified,1.0,"{""0"": 0.3333333333333333, ""10"": 0.3333333333333333, ""3"": 0.3333333333333333}",32,5237,17,0.1,0.01,[100],40,0.249,22.00302085909061,0.23397857,0.35421707,0.37737435
lastfm-asia,mf,17,Country,stratified,1.0,"{""0"": 0.3333333333333333, ""10"": 0.3333333333333333, ""3"": 0.3333333333333333}",32,5238,18,0.1,0.01,[100],40,0.248,21.931994798127562,0.23587408,0.35442986,0.38031212
lastfm-asia,mf,17,Country,stratified,1.0,"{""0"": 0.3333333333333333, ""10"": 0.3333333333333333, ""3"": 0.3333333333333333}",32,5239,19,0.1,0.01,[100],40,0.249,21.471083015901968,0.23590087,0.35604031,0.3818921
lastfm-asia,mf,17,Country,stratified,1.0,"{""0"": 0.3333333333333333, ""10"": 0.3333333333333333, ""3"": 0.3333333333333333}",32,5240,20,0.1,0.01,[100],40,0.248,21.67271188297309,0.23617549,0.35662621,0.38235886
lastfm-asia,mf,17,Country,proportional,1.0,"{""0"": 0.3749557835160948, ""10"": 0.4474708171206226, ""3"": 0.17757339936328262}",64,8421,1,0.1,0.01,[100],40,0.246,22.84937315597199,0.24449431,0.36991646,0.39741438
lastfm-asia,mf,17,Country,proportional,1.0,"{""0"": 0.3749557835160948, ""10"": 0.4474708171206226, ""3"": 0.17757339936328262}",64,8422,2,0.1,0.01,[100],40,0.246,22.373381920158863,0.24417281,0.36869539,0.39548159
lastfm-asia,mf,17,Country,proportional,1.0,"{""0"": 0.3749557835160948, ""10"": 0.4474708171206226, ""3"": 0.17757339936328262}",64,8423,3,0.1,0.01,[100],40,0.247,21.930079129058868,0.2438848,0.36789513,0.39461354
lastfm-asia,mf,17,Country,proportional,1.0,"{""0"": 0.3749557835160948, ""10"": 0.4474708171206226, ""3"": 0.17757339936328262}",64,8424,4,0.1,0.01,[100],40,0.246,22.283503391081467,0.24299397,0.36638258,0.39391392
lastfm-asia,mf,17,Country,proportional,1.0,"{""0"": 0.3749557835160948, ""10"": 0.4474708171206226, ""3"": 0.17757339936328262}",64,8425,5,0.1,0.01,[100],40,0.246,22.55756385414861,0.24403885,0.36857308,0.39629382
lastfm-asia,mf,17,Country,proportional,1.0,"{""0"": 0.3749557835160948, ""10"": 0.4474708171206226, ""3"": 0.17757339936328262}",64,8426,6,0.1,0.01,[100],40,0.246,21.912018947070464,0.24326189,0.3663273,0.39604436
lastfm-asia,mf,17,Country,proportional,1.0,"{""0"": 0.3749557835160948, ""10"": 0.4474708171206226, ""3"": 0.17757339936328262}",64,8427,7,0.1,0.01,[100],40,0.246,22.593855860177428,0.24297388,0.36555423,0.39426088
lastfm-asia,mf,17,Country,proportional,1.0,"{""0"": 0.3749557835160948, ""10"": 0.4474708171206226, ""3"": 0.17757339936328262}",64,8428,8,0.1,0.01,[100],40,0.246,22.57847830397077,0.24486269,0.37036767,0.398304
lastfm-asia,mf,17,Country,proportional,1.0,"{""0"": 0.3749557835160948, ""10"": 0.4474708171206226, ""3"": 0.17757339936328262}",64,8429,9,0.1,0.01,[100],40,0.246,22.61051830695942,0.24457468,0.36997042,0.39658171
lastfm-asia,mf,17,Country,proportional,1.0,"{""0"": 0.3749557835160948, ""10"": 0.4474708171206226, ""3"": 0.17757339936328262}",64,8430,10,0.1,0.01,[100],40,0.246,22.536361211910844,0.24242465,0.36758905,0.3948712
lastfm-asia,mf,17,Country,proportional,1.0,"{""0"": 0.3749557835160948, ""10"": 0.4474708171206226, ""3"": 0.17757339936328262}",64,8431,11,0.1,0.01,[100],40,0.246,22.353385014925152,0.24417281,0.37067644,0.39694317
lastfm-asia,mf,17,Country,proportional,1.0,"{""0"": 0.3749557835160948, ""10"": 0.4474708171206226, ""3"": 0.17757339936328262}",64,8432,12,0.1,0.01,[100],40,0.246,22.394157679053023,0.24363027,0.36634663,0.39509785
lastfm-asia,mf,17,Country,proportional,1.0,"{""0"": 0.3749557835160948, ""10"": 0.4474708171206226, ""3"": 0.17757339936328262}",64,8433,13,0.1,0.01,[100],40,0.246,22.911129364045337,0.24352981,0.36852231,0.39458145
lastfm-asia,mf,17,Country,proportional,1.0,"{""0"": 0.3749557835160948, ""10"": 0.4474708171206226, ""3"": 0.17757339936328262}",64,8434,14,0.1,0.01,[100],40,0.246,21.88520460599102,0.24433356,0.36830633,0.39551153
lastfm-asia,mf,17,Country,proportional,1.0,"{""0"": 0.3749557835160948, ""10"": 0.4474708171206226, ""3"": 0.17757339936328262}",64,8435,15,0.1,0.01,[100],40,0.246,22.011452454840764,0.2445077,0.36786721,0.39754537
lastfm-asia,mf,17,Country,proportional,1.0,"{""0"": 0.3749557835160948, ""10"": 0.4474708171206226, ""3"": 0.17757339936328262}",64,8436,16,0.1,0.01,[100],40,0.246,22.395004560938105,0.24403885,0.36892728,0.39467897
lastfm-asia,mf,17,Country,proportional,1.0,"{""0"": 0.3749557835160948, ""10"": 0.4474708171206226, ""3"": 0.17757339936328262}",64,8437,17,0.1,0.01,[100],40,0.246,22.633800195064396,0.24260549,0.36773627,0.39613789
lastfm-asia,mf,17,Country,proportional,1.0,"{""0"": 0.3749557835160948, ""10"": 0.4474708171206226, ""3"": 0.17757339936328262}",64,8438,18,0.1,0.01,[100],40,0.245,22.582285112934187,0.2432284,0.36717797,0.39498733
lastfm-asia,mf,17,Country,proportional,1.0,"{""0"": 0.3749557835160948, ""10"": 0.4474708171206226, ""3"": 0.17757339936328262}",64,8439,19,0.1,0.01,[100],40,0.246,21.733536766143516,0.24361018,0.36689388,0.39458924
lastfm-asia,mf,17,Country,proportional,1.0,"{""0"": 0.3749557835160948, ""10"": 0.4474708171206226, ""3"": 0.17757339936328262}",64,8440,20,0.1,0.01,[100],40,0.247,22.526414854219183,0.24427328,0.36889091,0.39563606
lastfm-asia,mf,17,Country,stratified,1.0,"{""0"": 0.3333333333333333, ""10"": 0.3333333333333333, ""3"": 0.3333333333333333}",64,8421,1,0.1,0.01,[100],40,0.243,22.061899410095066,0.24304756,0.36743861,0.3942159
lastfm-asia,mf,17,Country,stratified,1.0,"{""0"": 0.3333333333333333, ""10"": 0.3333333333333333, ""3"": 0.3333333333333333}",64,8422,2,0.1,0.01,[100],40,0.243,22.826436355011538,0.24298727,0.36676825,0.39296731
lastfm-asia,mf,17,Country,stratified,1.0,"{""0"": 0.3333333333333333, ""10"": 0.3333333333333333, ""3"": 0.3333333333333333}",64,8423,3,0.1,0.01,[100],40,0.244,22.428716236026958,0.24181514,0.36400665,0.39057388
lastfm-asia,mf,17,Country,stratified,1.0,"{""0"": 0.3333333333333333, ""10"": 0.3333333333333333, ""3"": 0.3333333333333333}",64,8424,4,0.1,0.01,[100],40,0.244,22.81414441089146,0.24138647,0.36496639,0.39115517
lastfm-asia,mf,17,Country,stratified,1.0,"{""0"": 0.3333333333333333, ""10"": 0.3333333333333333, ""3"": 0.3333333333333333}",64,8425,5,0.1,0.01,[100],40,0.244,22.648650699993595,0.24204956,0.36553522,0.39226813
lastfm-asia,mf,17,Country,stratified,1.0,"{""0"": 0.3333333333333333, ""10"": 0.3333333333333333, ""3"": 0.3333333333333333}",64,8426,6,0.1,0.01,[100],40,0.244,22.43533423705958,0.24141326,0.36358548,0.39258874
lastfm-asia,mf,17,Country,stratified,1.0,"{""0"": 0.3333333333333333, ""10"": 0.3333333333333333, ""3"": 0.3333333333333333}",64,8427,7,0.1,0.01,[100],40,0.244,22.092309495899826,0.24174816,0.36597301,0.39186012
lastfm-asia,mf,17,Country,stratified,1.0,"{""0"": 0.3333333333333333, ""10"": 0.3333333333333333, ""3"": 0.3333333333333333}",64,8428,8,0.1,0.01,[100],40,0.243,22.749115000944585,0.24285332,0.36730105,0.39472137
lastfm-asia,mf,17,Country,stratified,1.0,"{""0"": 0.3333333333333333, ""10"": 0.3333333333333333, ""3"": 0.3333333333333333}",64,8429,9,0.1,0.01,[100],40,0.243,22.84093562886119,0.24260549,0.36561979,0.39255881
lastfm-asia,mf,17,Country,stratified,1.0,"{""0"": 0.3333333333333333, ""10"": 0.3333333333333333, ""3"": 0.3333333333333333}",64,8430,10,0.1,0.01,[100],40,0.243,23.112712145084515,0.24036169,0.36323333,0.39111964
lastfm-asia,mf,17,Country,stratified,1.0,"{""0"": 0.3333333333333333, ""10"": 0.3333333333333333, ""3"": 0.3333333333333333}",64,8431,11,0.1,0.01,[100],40,0.243,22.278053915128112,0.24251172,0.36623655,0.39330365
lastfm-asia,mf,17,Country,stratified,1.0,"{""0"": 0.3333333333333333, ""10"": 0.3333333333333333, ""3"": 0.3333333333333333}",64,8432,12,0.1,0.01,[100],40,0.244,22.521284504095092,0.24229069,0.36476825,0.39228898
lastfm-asia,mf,17,Country,stratified,1.0,"{""0"": 0.3333333333333333, ""10"": 0.3333333333333333, ""3"": 0.3333333333333333}",64,8433,13,0.1,0.01,[100],40,0.243,22.787572664907202,0.24259879,0.36619082,0.392188
lastfm-asia,mf,17,Country,stratified,1.0,"{""0"": 0.3333333333333333, ""10"": 0.3333333333333333, ""3"": 0.3333333333333333}",64,8434,14,0.1,0.01,[100],40,0.244,22.283116447972134,0.24239116,0.36596234,0.39245563
lastfm-asia,mf,17,Country,stratified,1.0,"{""0"": 0.3333333333333333, ""10"": 0.3333333333333333, ""3"": 0.3333333333333333}",64,8435,15,0.1,0.01,[100],40,0.244,21.855723488144577,0.24247153,0.36572548,0.3940164
lastfm-asia,mf,17,Country,stratified,1.0,"{""0"": 0.3333333333333333, ""10"": 0.3333333333333333, ""3"": 0.3333333333333333}",64,8436,16,0.1,0.01,[100],40,0.243,23.192676429171115,0.24284662,0.36619727,0.39231214
lastfm-asia,mf,17,Country,stratified,1.0,"{""0"": 0.3333333333333333, ""10"": 0.3333333333333333, ""3"": 0.3333333333333333}",64,8437,17,0.1,0.01,[100],40,0.244,22.043164750095457,0.24089752,0.3632908,0.39225512
lastfm-asia,mf,17,Country,stratified,1.0,"{""0"": 0.3333333333333333, ""10"": 0.3333333333333333, ""3"": 0.3333333333333333}",64,8438,18,0.1,0.01,[100],40,0.243,21.683655526023358,0.24177495,0.36531195,0.39195158
lastfm-asia,mf,17,Country,stratified,1.0,"{""0"": 0.3333333333333333, ""10"": 0.3333333333333333, ""3"": 0.3333333333333333}",64,8439,19,0.1,0.01,[100],40,0.244,22.096560474019498,0.24187542,0.36550336,0.39235269
lastfm-asia,mf,17,Country,stratified,1.0,"{""0"": 0.3333333333333333, ""10"": 0.3333333333333333, ""3"": 0.3333333333333333}",64,8440,20,0.1,0.01,[100],40,0.244,22.905712984036654,0.24318151,0.36744757,0.39308858
lastfm-asia,mf,17,Country,proportional,1.0,"{""0"": 0.3749557835160948, ""10"": 0.4474708171206226, ""3"": 0.17757339936328262}",128,14821,1,0.1,0.01,[100],40,0.246,23.799702743068337,0.2467649,0.37233009,0.40089874
lastfm-asia,mf,17,Country,proportional,1.0,"{""0"": 0.3749557835160948, ""10"": 0.4474708171206226, ""3"": 0.17757339936328262}",128,14822,2,0.1,0.01,[100],40,0.246,23.875178824877366,0.24629605,0.3719655,0.40078447
lastfm-asia,mf,17,Country,proportional,1.0,"{""0"": 0.3749557835160948, ""10"": 0.4474708171206226, ""3"": 0.17757339936328262}",128,14823,3,0.1,0.01,[100],40,0.245,23.9582698228769,0.2467716,0.37242722,0.40126643
lastfm-asia,mf,17,Country,proportional,1.0,"{""0"": 0.3749557835160948, ""10"": 0.4474708171206226, ""3"": 0.17757339936328262}",128,14824,4,0.1,0.01,[100],40,0.246,23.321312269894406,0.24766912,0.37493591,0.40155518
lastfm-asia,mf,17,Country,proportional,1.0,"{""0"": 0.3749557835160948, ""10"": 0.4474708171206226, ""3"": 0.17757339936328262}",128,14825,5,0.1,0.01,[100],40,0.245,24.08869966492057,0.24755526,0.37210351,0.40320451
lastfm-asia,mf,17,Country,proportional,1.0,"{""0"": 0.3749557835160948, ""10"": 0.4474708171206226, ""3"": 0.17757339936328262}",128,14826,6,0.1,0.01,[100],40,0.246,23.52101975493133,0.24663094,0.3731073,0.40234852
lastfm-asia,mf,17,Country,proportional,1.0,"{""0"": 0.3749557835160948, ""10"": 0.4474708171206226, ""3"": 0.17757339936328262}",128,14827,7,0.1,0.01,[100],40,0.246,23.717303164070472,0.24632954,0.37148804,0.40148354
lastfm-asia,mf,17,Country,proportional,1.0,"{""0"": 0.3749557835160948, ""10"": 0.4474708171206226, ""3"": 0.17757339936328262}",128,14828,8,0.1,0.01,[100],40,0.245,23.12495990516618,0.24770931,0.37385101,0.40248774
lastfm-asia,mf,17,Country,proportional,1.0,"{""0"": 0.3749557835160948, ""10"": 0.4474708171206226, ""3"": 0.17757339936328262}",128,14829,9,0.1,0.01,[100],40,0.245,24.054597082082182,0.24660415,0.37212939,0.40166916
lastfm-asia,mf,17,Country,proportional,1.0,"{""0"": 0.3749557835160948, ""10"": 0.4474708171206226, ""3"": 0.17757339936328262}",128,14830,10,0.1,0.01,[100],40,0.246,23.10668157413602,0.24701942,0.37246312,0.40180458
lastfm-asia,mf,17,Country,proportional,1.0,"{""0"": 0.3749557835160948, ""10"": 0.4474708171206226, ""3"": 0.17757339936328262}",128,14831,11,0.1,0.01,[100],40,0.245,23.51808412093669,0.24726055,0.37316383,0.40288585
lastfm-asia,mf,17,Country,proportional,1.0,"{""0"": 0.3749557835160948, ""10"": 0.4474708171206226, ""3"": 0.17757339936328262}",128,14832,12,0.1,0.01,[100],40,0.246,24.646989658940583,0.24800402,0.37353781,0.40339121
lastfm-asia,mf,17,Country,proportional,1.0,"{""0"": 0.3749557835160948, ""10"": 0.4474708171206226, ""3"": 0.17757339936328262}",128,14833,13,0.1,0.01,[100],40,0.245,24.092090123100206,0.24734092,0.37324325,0.40208332
lastfm-asia,mf,17,Country,proportional,1.0,"{""0"": 0.3749557835160948, ""10"": 0.4474708171206226, ""3"": 0.17757339936328262}",128,14834,14,0.1,0.01,[100],40,0.246,24.16513141593896,0.24791695,0.37455042,0.40267016
lastfm-asia,mf,17,Country,proportional,1.0,"{""0"": 0.3749557835160948, ""10"": 0.4474708171206226, ""3"": 0.17757339936328262}",128,14835,15,0.1,0.01,[100],40,0.246,24.185005695093423,0.2470931,0.37196679,0.40040521
lastfm-asia,mf,17,Country,proportional,1.0,"{""0"": 0.3749557835160948, ""10"": 0.4474708171206226, ""3"": 0.17757339936328262}",128,14836,16,0.1,0.01,[100],40,0.246,23.993192746071145,0.24703282,0.37316788,0.40184532
lastfm-asia,mf,17,Country,proportional,1.0,"{""0"": 0.3749557835160948, ""10"": 0.4474708171206226, ""3"": 0.17757339936328262}",128,14837,17,0.1,0.01,[100],40,0.246,23.839864840032533,0.24744139,0.37332844,0.40153423
lastfm-asia,mf,17,Country,proportional,1.0,"{""0"": 0.3749557835160948, ""10"": 0.4474708171206226, ""3"": 0.17757339936328262}",128,14838,18,0.1,0.01,[100],40,0.246,23.619626661995426,0.24622907,0.37295926,0.40053106
lastfm-asia,mf,17,Country,proportional,1.0,"{""0"": 0.3749557835160948, ""10"": 0.4474708171206226, ""3"": 0.17757339936328262}",128,14839,19,0.1,0.01,[100],40,0.246,24.05953553179279,0.24843938,0.37513564,0.40347387
lastfm-asia,mf,17,Country,proportional,1.0,"{""0"": 0.3749557835160948, ""10"": 0.4474708171206226, ""3"": 0.17757339936328262}",128,14840,20,0.1,0.01,[100],40,0.246,23.77463786699809,0.24834561,0.3737151,0.40407812
lastfm-asia,mf,17,Country,stratified,1.0,"{""0"": 0.3333333333333333, ""10"": 0.3333333333333333, ""3"": 0.3333333333333333}",128,14821,1,0.1,0.01,[100],40,0.243,24.196572170127183,0.24573342,0.36968659,0.39797283
lastfm-asia,mf,17,Country,stratified,1.0,"{""0"": 0.3333333333333333, ""10"": 0.3333333333333333, ""3"": 0.3333333333333333}",128,14822,2,0.1,0.01,[100],40,0.243,23.71457598404959,0.24550569,0.37204812,0.39850672
lastfm-asia,mf,17,Country,stratified,1.0,"{""0"": 0.3333333333333333, ""10"": 0.3333333333333333, ""3"": 0.3333333333333333}",128,14823,3,0.1,0.01,[100],40,0.242,23.182340583996847,0.24555258,0.37081124,0.39864719
lastfm-asia,mf,17,Country,stratified,1.0,"{""0"": 0.3333333333333333, ""10"": 0.3333333333333333, ""3"": 0.3333333333333333}",128,14824,4,0.1,0.01,[100],40,0.243,23.788089422043413,0.24633624,0.37196402,0.3984965
lastfm-asia,mf,17,Country,stratified,1.0,"{""0"": 0.3333333333333333, ""10"": 0.3333333333333333, ""3"": 0.3333333333333333}",128,14825,5,0.1,0.01,[100],40,0.243,23.21851082216017,0.24610851,0.37151724,0.40096965
lastfm-asia,mf,17,Country,stratified,1.0,"{""0"": 0.3333333333333333, ""10"": 0.3333333333333333, ""3"": 0.3333333333333333}",128,14826,6,0.1,0.01,[100],40,0.243,23.88576061092317,0.24493637,0.37237386,0.40019907
lastfm-asia,mf,17,Country,stratified,1.0,"{""0"": 0.3333333333333333, ""10"": 0.3333333333333333, ""3"": 0.3333333333333333}",128,14827,7,0.1,0.01,[100],40,0.243,24.068520426983014,0.24502344,0.36940026,0.39835448
lastfm-asia,mf,17,Country,stratified,1.0,"{""0"": 0.3333333333333333, ""10"": 0.3333333333333333, ""3"": 0.3333333333333333}",128,14828,8,0.1,0.01,[100],40,0.242,24.056996589992195,0.24583389,0.37123549,0.39941006
lastfm-asia,mf,17,Country,stratified,1.0,"{""0"": 0.3333333333333333, ""10"": 0.3333333333333333, ""3"": 0.3333333333333333}",128,14829,9,0.1,0.01,[100],40,0.243,23.611772196833044,0.24507703,0.37001287,0.39790495
lastfm-asia,mf,17,Country,stratified,1.0,"{""0"": 0.3333333333333333, ""10"": 0.3333333333333333, ""3"": 0.3333333333333333}",128,14830,10,0.1,0.01,[100],40,0.243,23.619857526151463,0.24525787,0.36963243,0.39836158
lastfm-asia,mf,17,Country,stratified,1.0,"{""0"": 0.3333333333333333, ""10"": 0.3333333333333333, ""3"": 0.3333333333333333}",128,14831,11,0.1,0.01,[100],40,0.243,23.67915074992925,0.24585399,0.37113416,0.39898229
lastfm-asia,mf,17,Country,stratified,1.0,"{""0"": 0.3333333333333333, ""10"": 0.3333333333333333, ""3"": 0.3333333333333333}",128,14832,12,0.1,0.01,[100],40,0.243,23.47733552288264,0.24683858,0.37196242,0.40005739
lastfm-asia,mf,17,Country,stratified,1.0,"{""0"": 0.3333333333333333, ""10"": 0.3333333333333333, ""3"": 0.3333333333333333}",128,14833,13,0.1,0.01,[100],40,0.242,24.656065847957507,0.24637642,0.37268995,0.40045453
lastfm-asia,mf,17,Country,stratified,1.0,"{""0"": 0.3333333333333333, ""10"": 0.3333333333333333, ""3"": 0.3333333333333333}",128,14834,14,0.1,0.01,[100],40,0.243,25.070821305038407,0.24673141,0.37339226,0.40035901
lastfm-asia,mf,17,Country,stratified,1.0,"{""0"": 0.3333333333333333, ""10"": 0.3333333333333333, ""3"": 0.3333333333333333}",128,14835,15,0.1,0.01,[100],40,0.243,23.530905563151464,0.24562626,0.36936964,0.39761436
lastfm-asia,mf,17,Country,stratified,1.0,"{""0"": 0.3333333333333333, ""10"": 0.3333333333333333, ""3"": 0.3333333333333333}",128,14836,16,0.1,0.01,[100],40,0.243,24.22445176797919,0.24587408,0.37225958,0.39998794
lastfm-asia,mf,17,Country,stratified,1.0,"{""0"": 0.3333333333333333, ""10"": 0.3333333333333333, ""3"": 0.3333333333333333}",128,14837,17,0.1,0.01,[100],40,0.243,23.857273641973734,0.24583389,0.37062135,0.39837477
lastfm-asia,mf,17,Country,stratified,1.0,"{""0"": 0.3333333333333333, ""10"": 0.3333333333333333, ""3"": 0.3333333333333333}",128,14838,18,0.1,0.01,[100],40,0.243,23.55966144404374,0.2448493,0.37063674,0.39795242
lastfm-asia,mf,17,Country,stratified,1.0,"{""0"": 0.3333333333333333, ""10"": 0.3333333333333333, ""3"": 0.3333333333333333}",128,14839,19,0.1,0.01,[100],40,0.243,23.60105041298084,0.24653717,0.37149594,0.39994574
lastfm-asia,mf,17,Country,stratified,1.0,"{""0"": 0.3333333333333333, ""10"": 0.3333333333333333, ""3"": 0.3333333333333333}",128,14840,20,0.1,0.01,[100],40,0.243,23.65979502396658,0.24700603,0.37256359,0.40173878
lastfm-asia,mf,17,Country,proportional,1.0,"{""0"": 0.3749557835160948, ""10"": 0.4474708171206226, ""3"": 0.17757339936328262}",256,27621,1,0.1,0.01,[100],40,0.251,26.42041864595376,0.24817147,0.37631804,0.40472079
lastfm-asia,mf,17,Country,proportional,1.0,"{""0"": 0.3749557835160948, ""10"": 0.4474708171206226, ""3"": 0.17757339936328262}",256,27622,2,0.1,0.01,[100],40,0.251,26.689970119157806,0.24776959,0.37441199,0.40217329
lastfm-asia,mf,17,Country,proportional,1.0,"{""0"": 0.3749557835160948, ""10"": 0.4474708171206226, ""3"": 0.17757339936328262}",256,27623,3,0.1,0.01,[100],40,0.251,26.683575830888003,0.24801072,0.37508678,0.40359035
lastfm-asia,mf,17,Country,proportional,1.0,"{""0"": 0.3749557835160948, ""10"": 0.4474708171206226, ""3"": 0.17757339936328262}",256,27624,4,0.1,0.01,[100],40,0.251,26.515581041108817,0.24734092,0.37515179,0.40220047
lastfm-asia,mf,17,Country,proportional,1.0,"{""0"": 0.3749557835160948, ""10"": 0.4474708171206226, ""3"": 0.17757339936328262}",256,27625,5,0.1,0.01,[100],40,0.251,26.794319323962554,0.24811119,0.37338609,0.40297286
lastfm-asia,mf,17,Country,proportional,1.0,"{""0"": 0.3749557835160948, ""10"": 0.4474708171206226, ""3"": 0.17757339936328262}",256,27626,6,0.1,0.01,[100],40,0.251,26.211158078163862,0.24798392,0.37343352,0.40450372
lastfm-asia,mf,17,Country,proportional,1.0,"{""0"": 0.3749557835160948, ""10"": 0.4474708171206226, ""3"": 0.17757339936328262}",256,27627,7,0.1,0.01,[100],40,0.251,26.574187425896525,0.24808439,0.37391919,0.40365183
lastfm-asia,mf,17,Country,proportional,1.0,"{""0"": 0.3749557835160948, ""10"": 0.4474708171206226, ""3"": 0.17757339936328262}",256,27628,8,0.1,0.01,[100],40,0.251,27.359413305995986,0.24780308,0.37295968,0.403192
lastfm-asia,mf,17,Country,proportional,1.0,"{""0"": 0.3749557835160948, ""10"": 0.4474708171206226, ""3"": 0.17757339936328262}",256,27629,9,0.1,0.01,[100],40,0.251,26.465722915017977,0.24704622,0.37106218,0.40279695
lastfm-asia,mf,17,Country,proportional,1.0,"{""0"": 0.3749557835160948, ""10"": 0.4474708171206226, ""3"": 0.17757339936328262}",256,27630,10,0.1,0.01,[100],40,0.251,27.612738096155226,0.24780308,0.37468584,0.40334403
lastfm-asia,mf,17,Country,proportional,1.0,"{""0"": 0.3749557835160948, ""10"": 0.4474708171206226, ""3"": 0.17757339936328262}",256,27631,11,0.1,0.01,[100],40,0.251,26.634757129009813,0.24826524,0.37458608,0.40340676
lastfm-asia,mf,17,Country,proportional,1.0,"{""0"": 0.3749557835160948, ""10"": 0.4474708171206226, ""3"": 0.17757339936328262}",256,27632,12,0.1,0.01,[100],40,0.251,26.217208424117416,0.2470931,0.37392615,0.40260268
lastfm-asia,mf,17,Country,proportional,1.0,"{""0"": 0.3749557835160948, ""10"": 0.4474708171206226, ""3"": 0.17757339936328262}",256,27633,13,0.1,0.01,[100],40,0.251,26.38170682801865,0.24682518,0.37364052,0.40296237
lastfm-asia,mf,17,Country,proportional,1.0,"{""0"": 0.3749557835160948, ""10"": 0.4474708171206226, ""3"": 0.17757339936328262}",256,27634,14,0.1,0.01,[100],40,0.251,26.381173886125907,0.2477495,0.37318019,0.40281188
lastfm-asia,mf,17,Country,proportional,1.0,"{""0"": 0.3749557835160948, ""10"": 0.4474708171206226, ""3"": 0.17757339936328262}",256,27635,15,0.1,0.01,[100],40,0.251,26.956149287056178,0.24736772,0.37367366,0.40158941
lastfm-asia,mf,17,Country,proportional,1.0,"{""0"": 0.3749557835160948, ""10"": 0.4474708171206226, ""3"": 0.17757339936328262}",256,27636,16,0.1,0.01,[100],40,0.251,26.596739833941683,0.2474213,0.37422164,0.40265848
lastfm-asia,mf,17,Country,proportional,1.0,"{""0"": 0.3749557835160948, ""10"": 0.4474708171206226, ""3"": 0.17757339936328262}",256,27637,17,0.1,0.01,[100],40,0.251,26.080878500128165,0.24831882,0.37477225,0.40393134
lastfm-asia,mf,17,Country,proportional,1.0,"{""0"": 0.3749557835160948, ""10"": 0.4474708171206226, ""3"": 0.17757339936328262}",256,27638,18,0.1,0.01,[100],40,0.251,25.854622926097363,0.24898861,0.37430996,0.40490929
lastfm-asia,mf,17,Country,proportional,1.0,"{""0"": 0.3749557835160948, ""10"": 0.4474708171206226, ""3"": 0.17757339936328262}",256,27639,19,0.1,0.01,[100],40,0.251,26.815802523167804,0.24748828,0.37280992,0.40259936
lastfm-asia,mf,17,Country,proportional,1.0,"{""0"": 0.3749557835160948, ""10"": 0.4474708171206226, ""3"": 0.17757339936328262}",256,27640,20,0.1,0.01,[100],40,0.251,26.3439639210701,0.24750167,0.37435479,0.40279828
lastfm-asia,mf,17,Country,stratified,1.0,"{""0"": 0.3333333333333333, ""10"": 0.3333333333333333, ""3"": 0.3333333333333333}",256,27621,1,0.1,0.01,[100],40,0.249,27.126501580001786,0.24588078,0.37202006,0.40064608
lastfm-asia,mf,17,Country,stratified,1.0,"{""0"": 0.3333333333333333, ""10"": 0.3333333333333333, ""3"": 0.3333333333333333}",256,27622,2,0.1,0.01,[100],40,0.25,26.71434328984469,0.24561286,0.37197634,0.39939397
lastfm-asia,mf,17,Country,stratified,1.0,"{""0"": 0.3333333333333333, ""10"": 0.3333333333333333, ""3"": 0.3333333333333333}",256,27623,3,0.1,0.01,[100],40,0.25,26.377467893995345,0.24578701,0.37126167,0.39951382
lastfm-asia,mf,17,Country,stratified,1.0,"{""0"": 0.3333333333333333, ""10"": 0.3333333333333333, ""3"": 0.3333333333333333}",256,27624,4,0.1,0.01,[100],40,0.249,26.52892774506472,0.24585399,0.3741798,0.39930939
lastfm-asia,mf,17,Country,stratified,1.0,"{""0"": 0.3333333333333333, ""10"": 0.3333333333333333, ""3"": 0.3333333333333333}",256,27625,5,0.1,0.01,[100],40,0.25,26.524034413974732,0.24619558,0.37138731,0.39947277
lastfm-asia,mf,17,Country,stratified,1.0,"{""0"": 0.3333333333333333, ""10"": 0.3333333333333333, ""3"": 0.3333333333333333}",256,27626,6,0.1,0.01,[100],40,0.25,26.67389807011932,0.24640991,0.3706433,0.40163441
lastfm-asia,mf,17,Country,stratified,1.0,"{""0"": 0.3333333333333333, ""10"": 0.3333333333333333, ""3"": 0.3333333333333333}",256,27627,7,0.1,0.01,[100],40,0.25,26.87474551703781,0.24578031,0.37183235,0.39978942
lastfm-asia,mf,17,Country,stratified,1.0,"{""0"": 0.3333333333333333, ""10"": 0.3333333333333333, ""3"": 0.3333333333333333}",256,27628,8,0.1,0.01,[100],40,0.25,26.87029511597939,0.24556597,0.37086053,0.39963489
lastfm-asia,mf,17,Country,stratified,1.0,"{""0"": 0.3333333333333333, ""10"": 0.3333333333333333, ""3"": 0.3333333333333333}",256,27629,9,0.1,0.01,[100],40,0.249,26.61020162794739,0.24519089,0.36870483,0.39942578
lastfm-asia,mf,17,Country,stratified,1.0,"{""0"": 0.3333333333333333, ""10"": 0.3333333333333333, ""3"": 0.3333333333333333}",256,27630,10,0.1,0.01,[100],40,0.25,27.26286249398254,0.24606832,0.37128762,0.40030186
lastfm-asia,mf,17,Country,stratified,1.0,"{""0"": 0.3333333333333333, ""10"": 0.3333333333333333, ""3"": 0.3333333333333333}",256,27631,11,0.1,0.01,[100],40,0.25,26.899042706005275,0.2464501,0.37203713,0.39962058
lastfm-asia,mf,17,Country,stratified,1.0,"{""0"": 0.3333333333333333, ""10"": 0.3333333333333333, ""3"": 0.3333333333333333}",256,27632,12,0.1,0.01,[100],40,0.25,26.72055490897037,0.24498326,0.37076553,0.39884299
lastfm-asia,mf,17,Country,stratified,1.0,"{""0"": 0.3333333333333333, ""10"": 0.3333333333333333, ""3"": 0.3333333333333333}",256,27633,13,0.1,0.01,[100],40,0.25,26.381889362121,0.24556597,0.37144991,0.39940106
lastfm-asia,mf,17,Country,stratified,1.0,"{""0"": 0.3333333333333333, ""10"": 0.3333333333333333, ""3"": 0.3333333333333333}",256,27634,14,0.1,0.01,[100],40,0.25,27.150995339965448,0.24587408,0.37045972,0.39912881
lastfm-asia,mf,17,Country,stratified,1.0,"{""0"": 0.3333333333333333, ""10"": 0.3333333333333333, ""3"": 0.3333333333333333}",256,27635,15,0.1,0.01,[100],40,0.249,27.108989981003106,0.24561956,0.36923704,0.39845804
lastfm-asia,mf,17,Country,stratified,1.0,"{""0"": 0.3333333333333333, ""10"": 0.3333333333333333, ""3"": 0.3333333333333333}",256,27636,16,0.1,0.01,[100],40,0.25,26.669334617909044,0.24561956,0.37245274,0.39925964
lastfm-asia,mf,17,Country,stratified,1.0,"{""0"": 0.3333333333333333, ""10"": 0.3333333333333333, ""3"": 0.3333333333333333}",256,27637,17,0.1,0.01,[100],40,0.249,27.20253805606626,0.24674481,0.37185747,0.40008239
lastfm-asia,mf,17,Country,stratified,1.0,"{""0"": 0.3333333333333333, ""10"": 0.3333333333333333, ""3"": 0.3333333333333333}",256,27638,18,0.1,0.01,[100],40,0.25,27.14667555410415,0.24723376,0.37247641,0.40174415
lastfm-asia,mf,17,Country,stratified,1.0,"{""0"": 0.3333333333333333, ""10"": 0.3333333333333333, ""3"": 0.3333333333333333}",256,27639,19,0.1,0.01,[100],40,0.25,27.095929695060477,0.24584729,0.37086215,0.39926647
lastfm-asia,mf,17,Country,stratified,1.0,"{""0"": 0.3333333333333333, ""10"": 0.3333333333333333, ""3"": 0.3333333333333333}",256,27640,20,0.1,0.01,[100],40,0.249,26.66230469988659,0.24541192,0.37209305,0.39961732
