dataset,model,source_label,feature_name,trial_type,alpha_aug,alpha_mix_json,recdim,seed,trial_idx,lr,decay,topks,final_epoch,final_loss,training_time_seconds,precision@20,recall@20,ndcg@20
ml-1m,mf,35,Age,proportional,1.0,"{""1"": 0.04580152671755725, ""18"": 0.22756344130389933, ""25"": 0.43243243243243246, ""45"": 0.11347225087683104, ""50"": 0.10233133897256035, ""56"": 0.07839900969671962}",2,2221,1,0.1,0.01,[20],40,0.347,25.824233524035662,0.14153395,0.11106783,0.17538768
ml-1m,mf,35,Age,proportional,1.0,"{""1"": 0.04580152671755725, ""18"": 0.22756344130389933, ""25"": 0.43243243243243246, ""45"": 0.11347225087683104, ""50"": 0.10233133897256035, ""56"": 0.07839900969671962}",2,2222,2,0.1,0.01,[20],40,0.326,14.471478073159233,0.15146689,0.11933886,0.18894083
ml-1m,mf,35,Age,proportional,1.0,"{""1"": 0.04580152671755725, ""18"": 0.22756344130389933, ""25"": 0.43243243243243246, ""45"": 0.11347225087683104, ""50"": 0.10233133897256035, ""56"": 0.07839900969671962}",2,2223,3,0.1,0.01,[20],40,0.347,13.982571452856064,0.1424979,0.11078705,0.17840588
ml-1m,mf,35,Age,proportional,1.0,"{""1"": 0.04580152671755725, ""18"": 0.22756344130389933, ""25"": 0.43243243243243246, ""45"": 0.11347225087683104, ""50"": 0.10233133897256035, ""56"": 0.07839900969671962}",2,2224,4,0.1,0.01,[20],40,0.363,14.244355774018914,0.11839899,0.08812001,0.14389805
ml-1m,mf,35,Age,proportional,1.0,"{""1"": 0.04580152671755725, ""18"": 0.22756344130389933, ""25"": 0.43243243243243246, ""45"": 0.11347225087683104, ""50"": 0.10233133897256035, ""56"": 0.07839900969671962}",2,2225,5,0.1,0.01,[20],40,0.341,13.924685007892549,0.14639564,0.11156413,0.17994564
ml-1m,mf,35,Age,proportional,1.0,"{""1"": 0.04580152671755725, ""18"": 0.22756344130389933, ""25"": 0.43243243243243246, ""45"": 0.11347225087683104, ""50"": 0.10233133897256035, ""56"": 0.07839900969671962}",2,2226,6,0.1,0.01,[20],40,0.335,13.97482574521564,0.14409053,0.11352336,0.17554367
ml-1m,mf,35,Age,proportional,1.0,"{""1"": 0.04580152671755725, ""18"": 0.22756344130389933, ""25"": 0.43243243243243246, ""45"": 0.11347225087683104, ""50"": 0.10233133897256035, ""56"": 0.07839900969671962}",2,2227,7,0.1,0.01,[20],40,0.349,13.883916049962863,0.14006706,0.10887229,0.17523012
ml-1m,mf,35,Age,proportional,1.0,"{""1"": 0.04580152671755725, ""18"": 0.22756344130389933, ""25"": 0.43243243243243246, ""45"": 0.11347225087683104, ""50"": 0.10233133897256035, ""56"": 0.07839900969671962}",2,2228,8,0.1,0.01,[20],40,0.387,13.611374722095206,0.11877619,0.08833968,0.14308096
ml-1m,mf,35,Age,proportional,1.0,"{""1"": 0.04580152671755725, ""18"": 0.22756344130389933, ""25"": 0.43243243243243246, ""45"": 0.11347225087683104, ""50"": 0.10233133897256035, ""56"": 0.07839900969671962}",2,2229,9,0.1,0.01,[20],40,0.353,13.610512239858508,0.14145013,0.10672103,0.17400668
ml-1m,mf,35,Age,proportional,1.0,"{""1"": 0.04580152671755725, ""18"": 0.22756344130389933, ""25"": 0.43243243243243246, ""45"": 0.11347225087683104, ""50"": 0.10233133897256035, ""56"": 0.07839900969671962}",2,2230,10,0.1,0.01,[20],40,0.347,14.414106357842684,0.1450964,0.11142164,0.17815015
ml-1m,mf,35,Age,proportional,1.0,"{""1"": 0.04580152671755725, ""18"": 0.22756344130389933, ""25"": 0.43243243243243246, ""45"": 0.11347225087683104, ""50"": 0.10233133897256035, ""56"": 0.07839900969671962}",2,2231,11,0.1,0.01,[20],40,0.344,13.350731735117733,0.13751048,0.10353609,0.17135489
ml-1m,mf,35,Age,proportional,1.0,"{""1"": 0.04580152671755725, ""18"": 0.22756344130389933, ""25"": 0.43243243243243246, ""45"": 0.11347225087683104, ""50"": 0.10233133897256035, ""56"": 0.07839900969671962}",2,2232,12,0.1,0.01,[20],40,0.348,13.805878062034026,0.13843252,0.10752065,0.17686336
ml-1m,mf,35,Age,proportional,1.0,"{""1"": 0.04580152671755725, ""18"": 0.22756344130389933, ""25"": 0.43243243243243246, ""45"": 0.11347225087683104, ""50"": 0.10233133897256035, ""56"": 0.07839900969671962}",2,2233,13,0.1,0.01,[20],40,0.342,13.584106466034427,0.14979044,0.11371753,0.18472083
ml-1m,mf,35,Age,proportional,1.0,"{""1"": 0.04580152671755725, ""18"": 0.22756344130389933, ""25"": 0.43243243243243246, ""45"": 0.11347225087683104, ""50"": 0.10233133897256035, ""56"": 0.07839900969671962}",2,2234,14,0.1,0.01,[20],40,0.345,13.360279037151486,0.14463537,0.10819447,0.17529008
ml-1m,mf,35,Age,proportional,1.0,"{""1"": 0.04580152671755725, ""18"": 0.22756344130389933, ""25"": 0.43243243243243246, ""45"": 0.11347225087683104, ""50"": 0.10233133897256035, ""56"": 0.07839900969671962}",2,2235,15,0.1,0.01,[20],40,0.342,13.600464338203892,0.14777871,0.11414212,0.18155101
ml-1m,mf,35,Age,proportional,1.0,"{""1"": 0.04580152671755725, ""18"": 0.22756344130389933, ""25"": 0.43243243243243246, ""45"": 0.11347225087683104, ""50"": 0.10233133897256035, ""56"": 0.07839900969671962}",2,2236,16,0.1,0.01,[20],40,0.341,13.408979420084506,0.14861693,0.11507482,0.17944698
ml-1m,mf,35,Age,proportional,1.0,"{""1"": 0.04580152671755725, ""18"": 0.22756344130389933, ""25"": 0.43243243243243246, ""45"": 0.11347225087683104, ""50"": 0.10233133897256035, ""56"": 0.07839900969671962}",2,2237,17,0.1,0.01,[20],40,0.34,13.021596631966531,0.14568315,0.11079945,0.17736729
ml-1m,mf,35,Age,proportional,1.0,"{""1"": 0.04580152671755725, ""18"": 0.22756344130389933, ""25"": 0.43243243243243246, ""45"": 0.11347225087683104, ""50"": 0.10233133897256035, ""56"": 0.07839900969671962}",2,2238,18,0.1,0.01,[20],40,0.345,13.397952757077292,0.14291702,0.10820869,0.17472857
ml-1m,mf,35,Age,proportional,1.0,"{""1"": 0.04580152671755725, ""18"": 0.22756344130389933, ""25"": 0.43243243243243246, ""45"": 0.11347225087683104, ""50"": 0.10233133897256035, ""56"": 0.07839900969671962}",2,2239,19,0.1,0.01,[20],40,0.335,13.196492066141218,0.14815591,0.11164735,0.18529262
ml-1m,mf,35,Age,proportional,1.0,"{""1"": 0.04580152671755725, ""18"": 0.22756344130389933, ""25"": 0.43243243243243246, ""45"": 0.11347225087683104, ""50"": 0.10233133897256035, ""56"": 0.07839900969671962}",2,2240,20,0.1,0.01,[20],40,0.344,13.917971788905561,0.14467728,0.11284892,0.17957136
ml-1m,mf,35,Age,stratified,1.0,"{""1"": 0.16666666666666666, ""18"": 0.16666666666666666, ""25"": 0.16666666666666666, ""45"": 0.16666666666666666, ""50"": 0.16666666666666666, ""56"": 0.16666666666666666}",2,2221,1,0.1,0.01,[20],40,0.353,13.300915478961542,0.1409891,0.11018821,0.17471531
ml-1m,mf,35,Age,stratified,1.0,"{""1"": 0.16666666666666666, ""18"": 0.16666666666666666, ""25"": 0.16666666666666666, ""45"": 0.16666666666666666, ""50"": 0.16666666666666666, ""56"": 0.16666666666666666}",2,2222,2,0.1,0.01,[20],40,0.325,13.412452175049111,0.14782062,0.11556548,0.18514356
ml-1m,mf,35,Age,stratified,1.0,"{""1"": 0.16666666666666666, ""18"": 0.16666666666666666, ""25"": 0.16666666666666666, ""45"": 0.16666666666666666, ""50"": 0.16666666666666666, ""56"": 0.16666666666666666}",2,2223,3,0.1,0.01,[20],40,0.36,13.418584902072325,0.13202012,0.10252829,0.16385896
ml-1m,mf,35,Age,stratified,1.0,"{""1"": 0.16666666666666666, ""18"": 0.16666666666666666, ""25"": 0.16666666666666666, ""45"": 0.16666666666666666, ""50"": 0.16666666666666666, ""56"": 0.16666666666666666}",2,2224,4,0.1,0.01,[20],40,0.356,13.35493494803086,0.13440905,0.10080054,0.15866518
ml-1m,mf,35,Age,stratified,1.0,"{""1"": 0.16666666666666666, ""18"": 0.16666666666666666, ""25"": 0.16666666666666666, ""45"": 0.16666666666666666, ""50"": 0.16666666666666666, ""56"": 0.16666666666666666}",2,2225,5,0.1,0.01,[20],40,0.356,13.95814337208867,0.14425817,0.11253633,0.17784836
ml-1m,mf,35,Age,stratified,1.0,"{""1"": 0.16666666666666666, ""18"": 0.16666666666666666, ""25"": 0.16666666666666666, ""45"": 0.16666666666666666, ""50"": 0.16666666666666666, ""56"": 0.16666666666666666}",2,2226,6,0.1,0.01,[20],40,0.339,13.33958544000052,0.14417435,0.11381491,0.17597923
ml-1m,mf,35,Age,stratified,1.0,"{""1"": 0.16666666666666666, ""18"": 0.16666666666666666, ""25"": 0.16666666666666666, ""45"": 0.16666666666666666, ""50"": 0.16666666666666666, ""56"": 0.16666666666666666}",2,2227,7,0.1,0.01,[20],40,0.351,13.565441617975011,0.13763621,0.1063813,0.17086162
ml-1m,mf,35,Age,stratified,1.0,"{""1"": 0.16666666666666666, ""18"": 0.16666666666666666, ""25"": 0.16666666666666666, ""45"": 0.16666666666666666, ""50"": 0.16666666666666666, ""56"": 0.16666666666666666}",2,2228,8,0.1,0.01,[20],40,0.343,13.38337466889061,0.14719195,0.11473687,0.17885357
ml-1m,mf,35,Age,stratified,1.0,"{""1"": 0.16666666666666666, ""18"": 0.16666666666666666, ""25"": 0.16666666666666666, ""45"": 0.16666666666666666, ""50"": 0.16666666666666666, ""56"": 0.16666666666666666}",2,2229,9,0.1,0.01,[20],40,0.354,13.343458876945078,0.14111484,0.10571494,0.17333344
ml-1m,mf,35,Age,stratified,1.0,"{""1"": 0.16666666666666666, ""18"": 0.16666666666666666, ""25"": 0.16666666666666666, ""45"": 0.16666666666666666, ""50"": 0.16666666666666666, ""56"": 0.16666666666666666}",2,2230,10,0.1,0.01,[20],40,0.349,13.509804918896407,0.14530595,0.11219911,0.17960704
ml-1m,mf,35,Age,stratified,1.0,"{""1"": 0.16666666666666666, ""18"": 0.16666666666666666, ""25"": 0.16666666666666666, ""45"": 0.16666666666666666, ""50"": 0.16666666666666666, ""56"": 0.16666666666666666}",2,2231,11,0.1,0.01,[20],40,0.346,13.574022586923093,0.14421626,0.11132446,0.18039463
ml-1m,mf,35,Age,stratified,1.0,"{""1"": 0.16666666666666666, ""18"": 0.16666666666666666, ""25"": 0.16666666666666666, ""45"": 0.16666666666666666, ""50"": 0.16666666666666666, ""56"": 0.16666666666666666}",2,2232,12,0.1,0.01,[20],40,0.351,12.951013592071831,0.13935457,0.10779398,0.17585858
ml-1m,mf,35,Age,stratified,1.0,"{""1"": 0.16666666666666666, ""18"": 0.16666666666666666, ""25"": 0.16666666666666666, ""45"": 0.16666666666666666, ""50"": 0.16666666666666666, ""56"": 0.16666666666666666}",2,2233,13,0.1,0.01,[20],40,0.346,13.666729510994628,0.146228,0.11214736,0.180177
ml-1m,mf,35,Age,stratified,1.0,"{""1"": 0.16666666666666666, ""18"": 0.16666666666666666, ""25"": 0.16666666666666666, ""45"": 0.16666666666666666, ""50"": 0.16666666666666666, ""56"": 0.16666666666666666}",2,2234,14,0.1,0.01,[20],40,0.337,12.98049547104165,0.13906119,0.10386022,0.17500611
ml-1m,mf,35,Age,stratified,1.0,"{""1"": 0.16666666666666666, ""18"": 0.16666666666666666, ""25"": 0.16666666666666666, ""45"": 0.16666666666666666, ""50"": 0.16666666666666666, ""56"": 0.16666666666666666}",2,2235,15,0.1,0.01,[20],40,0.351,13.996489463141188,0.14258173,0.11007263,0.17514939
ml-1m,mf,35,Age,stratified,1.0,"{""1"": 0.16666666666666666, ""18"": 0.16666666666666666, ""25"": 0.16666666666666666, ""45"": 0.16666666666666666, ""50"": 0.16666666666666666, ""56"": 0.16666666666666666}",2,2236,16,0.1,0.01,[20],40,0.35,13.34704150003381,0.14388097,0.11081117,0.17571337
ml-1m,mf,35,Age,stratified,1.0,"{""1"": 0.16666666666666666, ""18"": 0.16666666666666666, ""25"": 0.16666666666666666, ""45"": 0.16666666666666666, ""50"": 0.16666666666666666, ""56"": 0.16666666666666666}",2,2237,17,0.1,0.01,[20],40,0.346,14.01779639115557,0.14295893,0.11166615,0.1779304
ml-1m,mf,35,Age,stratified,1.0,"{""1"": 0.16666666666666666, ""18"": 0.16666666666666666, ""25"": 0.16666666666666666, ""45"": 0.16666666666666666, ""50"": 0.16666666666666666, ""56"": 0.16666666666666666}",2,2238,18,0.1,0.01,[20],40,0.347,13.405371787957847,0.14505448,0.11071417,0.17577224
ml-1m,mf,35,Age,stratified,1.0,"{""1"": 0.16666666666666666, ""18"": 0.16666666666666666, ""25"": 0.16666666666666666, ""45"": 0.16666666666666666, ""50"": 0.16666666666666666, ""56"": 0.16666666666666666}",2,2239,19,0.1,0.01,[20],40,0.363,13.458318421151489,0.13931266,0.10119128,0.16790885
ml-1m,mf,35,Age,stratified,1.0,"{""1"": 0.16666666666666666, ""18"": 0.16666666666666666, ""25"": 0.16666666666666666, ""45"": 0.16666666666666666, ""50"": 0.16666666666666666, ""56"": 0.16666666666666666}",2,2240,20,0.1,0.01,[20],40,0.351,14.032347837928683,0.14115675,0.10931118,0.17705895
ml-1m,mf,35,Age,proportional,1.0,"{""1"": 0.04580152671755725, ""18"": 0.22756344130389933, ""25"": 0.43243243243243246, ""45"": 0.11347225087683104, ""50"": 0.10233133897256035, ""56"": 0.07839900969671962}",4,2421,1,0.1,0.01,[20],40,0.318,13.179464796790853,0.15905281,0.12104172,0.19429637
ml-1m,mf,35,Age,proportional,1.0,"{""1"": 0.04580152671755725, ""18"": 0.22756344130389933, ""25"": 0.43243243243243246, ""45"": 0.11347225087683104, ""50"": 0.10233133897256035, ""56"": 0.07839900969671962}",4,2422,2,0.1,0.01,[20],40,0.319,13.332617970881984,0.15184409,0.12038506,0.19135246
ml-1m,mf,35,Age,proportional,1.0,"{""1"": 0.04580152671755725, ""18"": 0.22756344130389933, ""25"": 0.43243243243243246, ""45"": 0.11347225087683104, ""50"": 0.10233133897256035, ""56"": 0.07839900969671962}",4,2423,3,0.1,0.01,[20],40,0.317,13.617030552821234,0.15297569,0.12188528,0.19345898
ml-1m,mf,35,Age,proportional,1.0,"{""1"": 0.04580152671755725, ""18"": 0.22756344130389933, ""25"": 0.43243243243243246, ""45"": 0.11347225087683104, ""50"": 0.10233133897256035, ""56"": 0.07839900969671962}",4,2424,4,0.1,0.01,[20],40,0.317,13.434484532102942,0.15620285,0.12199122,0.19376409
ml-1m,mf,35,Age,proportional,1.0,"{""1"": 0.04580152671755725, ""18"": 0.22756344130389933, ""25"": 0.43243243243243246, ""45"": 0.11347225087683104, ""50"": 0.10233133897256035, ""56"": 0.07839900969671962}",4,2425,5,0.1,0.01,[20],40,0.313,13.753654242027551,0.15800503,0.12394147,0.20439273
ml-1m,mf,35,Age,proportional,1.0,"{""1"": 0.04580152671755725, ""18"": 0.22756344130389933, ""25"": 0.43243243243243246, ""45"": 0.11347225087683104, ""50"": 0.10233133897256035, ""56"": 0.07839900969671962}",4,2426,6,0.1,0.01,[20],40,0.324,13.265106636099517,0.1541492,0.1253672,0.19273265
ml-1m,mf,35,Age,proportional,1.0,"{""1"": 0.04580152671755725, ""18"": 0.22756344130389933, ""25"": 0.43243243243243246, ""45"": 0.11347225087683104, ""50"": 0.10233133897256035, ""56"": 0.07839900969671962}",4,2427,7,0.1,0.01,[20],40,0.325,12.899134868057445,0.14970662,0.11698225,0.19040589
ml-1m,mf,35,Age,proportional,1.0,"{""1"": 0.04580152671755725, ""18"": 0.22756344130389933, ""25"": 0.43243243243243246, ""45"": 0.11347225087683104, ""50"": 0.10233133897256035, ""56"": 0.07839900969671962}",4,2428,8,0.1,0.01,[20],40,0.32,13.576461798977107,0.15947192,0.12448277,0.2033586
ml-1m,mf,35,Age,proportional,1.0,"{""1"": 0.04580152671755725, ""18"": 0.22756344130389933, ""25"": 0.43243243243243246, ""45"": 0.11347225087683104, ""50"": 0.10233133897256035, ""56"": 0.07839900969671962}",4,2429,9,0.1,0.01,[20],40,0.309,13.195299058919773,0.15909472,0.12393549,0.19741094
ml-1m,mf,35,Age,proportional,1.0,"{""1"": 0.04580152671755725, ""18"": 0.22756344130389933, ""25"": 0.43243243243243246, ""45"": 0.11347225087683104, ""50"": 0.10233133897256035, ""56"": 0.07839900969671962}",4,2430,10,0.1,0.01,[20],40,0.319,14.242569622118026,0.1526404,0.11907233,0.18204823
ml-1m,mf,35,Age,proportional,1.0,"{""1"": 0.04580152671755725, ""18"": 0.22756344130389933, ""25"": 0.43243243243243246, ""45"": 0.11347225087683104, ""50"": 0.10233133897256035, ""56"": 0.07839900969671962}",4,2431,11,0.1,0.01,[20],40,0.325,13.93587849684991,0.14752724,0.11403699,0.18099235
ml-1m,mf,35,Age,proportional,1.0,"{""1"": 0.04580152671755725, ""18"": 0.22756344130389933, ""25"": 0.43243243243243246, ""45"": 0.11347225087683104, ""50"": 0.10233133897256035, ""56"": 0.07839900969671962}",4,2432,12,0.1,0.01,[20],40,0.318,13.726885341107845,0.15532272,0.12484514,0.19577958
ml-1m,mf,35,Age,proportional,1.0,"{""1"": 0.04580152671755725, ""18"": 0.22756344130389933, ""25"": 0.43243243243243246, ""45"": 0.11347225087683104, ""50"": 0.10233133897256035, ""56"": 0.07839900969671962}",4,2433,13,0.1,0.01,[20],40,0.313,13.788693832000718,0.15515507,0.11769642,0.18344419
ml-1m,mf,35,Age,proportional,1.0,"{""1"": 0.04580152671755725, ""18"": 0.22756344130389933, ""25"": 0.43243243243243246, ""45"": 0.11347225087683104, ""50"": 0.10233133897256035, ""56"": 0.07839900969671962}",4,2434,14,0.1,0.01,[20],40,0.319,13.584539113100618,0.15046102,0.11451771,0.18601871
ml-1m,mf,35,Age,proportional,1.0,"{""1"": 0.04580152671755725, ""18"": 0.22756344130389933, ""25"": 0.43243243243243246, ""45"": 0.11347225087683104, ""50"": 0.10233133897256035, ""56"": 0.07839900969671962}",4,2435,15,0.1,0.01,[20],40,0.322,13.838637332897633,0.1503772,0.11453754,0.18193206
ml-1m,mf,35,Age,proportional,1.0,"{""1"": 0.04580152671755725, ""18"": 0.22756344130389933, ""25"": 0.43243243243243246, ""45"": 0.11347225087683104, ""50"": 0.10233133897256035, ""56"": 0.07839900969671962}",4,2436,16,0.1,0.01,[20],40,0.325,13.409514619037509,0.1484912,0.11771241,0.18584897
ml-1m,mf,35,Age,proportional,1.0,"{""1"": 0.04580152671755725, ""18"": 0.22756344130389933, ""25"": 0.43243243243243246, ""45"": 0.11347225087683104, ""50"": 0.10233133897256035, ""56"": 0.07839900969671962}",4,2437,17,0.1,0.01,[20],40,0.321,13.509120644070208,0.14610226,0.1092475,0.1772859
ml-1m,mf,35,Age,proportional,1.0,"{""1"": 0.04580152671755725, ""18"": 0.22756344130389933, ""25"": 0.43243243243243246, ""45"": 0.11347225087683104, ""50"": 0.10233133897256035, ""56"": 0.07839900969671962}",4,2438,18,0.1,0.01,[20],40,0.322,13.26524112210609,0.14689858,0.11388638,0.18148052
ml-1m,mf,35,Age,proportional,1.0,"{""1"": 0.04580152671755725, ""18"": 0.22756344130389933, ""25"": 0.43243243243243246, ""45"": 0.11347225087683104, ""50"": 0.10233133897256035, ""56"": 0.07839900969671962}",4,2439,19,0.1,0.01,[20],40,0.323,13.93240606598556,0.1515088,0.11898553,0.19164039
ml-1m,mf,35,Age,proportional,1.0,"{""1"": 0.04580152671755725, ""18"": 0.22756344130389933, ""25"": 0.43243243243243246, ""45"": 0.11347225087683104, ""50"": 0.10233133897256035, ""56"": 0.07839900969671962}",4,2440,20,0.1,0.01,[20],40,0.306,13.401611911831424,0.1646689,0.13011712,0.20853184
ml-1m,mf,35,Age,stratified,1.0,"{""1"": 0.16666666666666666, ""18"": 0.16666666666666666, ""25"": 0.16666666666666666, ""45"": 0.16666666666666666, ""50"": 0.16666666666666666, ""56"": 0.16666666666666666}",4,2421,1,0.1,0.01,[20],40,0.319,13.580434900941327,0.15461023,0.11625451,0.18973454
ml-1m,mf,35,Age,stratified,1.0,"{""1"": 0.16666666666666666, ""18"": 0.16666666666666666, ""25"": 0.16666666666666666, ""45"": 0.16666666666666666, ""50"": 0.16666666666666666, ""56"": 0.16666666666666666}",4,2422,2,0.1,0.01,[20],40,0.316,14.08494829107076,0.15058676,0.11796805,0.18625384
ml-1m,mf,35,Age,stratified,1.0,"{""1"": 0.16666666666666666, ""18"": 0.16666666666666666, ""25"": 0.16666666666666666, ""45"": 0.16666666666666666, ""50"": 0.16666666666666666, ""56"": 0.16666666666666666}",4,2423,3,0.1,0.01,[20],40,0.314,13.21644390700385,0.15041911,0.11799322,0.18980305
ml-1m,mf,35,Age,stratified,1.0,"{""1"": 0.16666666666666666, ""18"": 0.16666666666666666, ""25"": 0.16666666666666666, ""45"": 0.16666666666666666, ""50"": 0.16666666666666666, ""56"": 0.16666666666666666}",4,2424,4,0.1,0.01,[20],40,0.309,13.655108666047454,0.15540654,0.12216913,0.19186824
ml-1m,mf,35,Age,stratified,1.0,"{""1"": 0.16666666666666666, ""18"": 0.16666666666666666, ""25"": 0.16666666666666666, ""45"": 0.16666666666666666, ""50"": 0.16666666666666666, ""56"": 0.16666666666666666}",4,2425,5,0.1,0.01,[20],40,0.313,13.947542323032394,0.15167645,0.12018031,0.18782087
ml-1m,mf,35,Age,stratified,1.0,"{""1"": 0.16666666666666666, ""18"": 0.16666666666666666, ""25"": 0.16666666666666666, ""45"": 0.16666666666666666, ""50"": 0.16666666666666666, ""56"": 0.16666666666666666}",4,2426,6,0.1,0.01,[20],40,0.314,13.767326212953776,0.16035205,0.13008875,0.20215732
ml-1m,mf,35,Age,stratified,1.0,"{""1"": 0.16666666666666666, ""18"": 0.16666666666666666, ""25"": 0.16666666666666666, ""45"": 0.16666666666666666, ""50"": 0.16666666666666666, ""56"": 0.16666666666666666}",4,2427,7,0.1,0.01,[20],40,0.32,13.594003950012848,0.14568315,0.1135622,0.18499013
ml-1m,mf,35,Age,stratified,1.0,"{""1"": 0.16666666666666666, ""18"": 0.16666666666666666, ""25"": 0.16666666666666666, ""45"": 0.16666666666666666, ""50"": 0.16666666666666666, ""56"": 0.16666666666666666}",4,2428,8,0.1,0.01,[20],40,0.321,14.19518008409068,0.14907795,0.11577399,0.18938187
ml-1m,mf,35,Age,stratified,1.0,"{""1"": 0.16666666666666666, ""18"": 0.16666666666666666, ""25"": 0.16666666666666666, ""45"": 0.16666666666666666, ""50"": 0.16666666666666666, ""56"": 0.16666666666666666}",4,2429,9,0.1,0.01,[20],40,0.304,13.410774300107732,0.16412406,0.1289832,0.20409416
ml-1m,mf,35,Age,stratified,1.0,"{""1"": 0.16666666666666666, ""18"": 0.16666666666666666, ""25"": 0.16666666666666666, ""45"": 0.16666666666666666, ""50"": 0.16666666666666666, ""56"": 0.16666666666666666}",4,2430,10,0.1,0.01,[20],40,0.309,13.27047635591589,0.15507125,0.11788972,0.18907757
ml-1m,mf,35,Age,stratified,1.0,"{""1"": 0.16666666666666666, ""18"": 0.16666666666666666, ""25"": 0.16666666666666666, ""45"": 0.16666666666666666, ""50"": 0.16666666666666666, ""56"": 0.16666666666666666}",4,2431,11,0.1,0.01,[20],40,0.318,13.788129223044962,0.14124057,0.11085534,0.17748036
ml-1m,mf,35,Age,stratified,1.0,"{""1"": 0.16666666666666666, ""18"": 0.16666666666666666, ""25"": 0.16666666666666666, ""45"": 0.16666666666666666, ""50"": 0.16666666666666666, ""56"": 0.16666666666666666}",4,2432,12,0.1,0.01,[20],40,0.315,13.203968578018248,0.15532272,0.12599529,0.19768057
ml-1m,mf,35,Age,stratified,1.0,"{""1"": 0.16666666666666666, ""18"": 0.16666666666666666, ""25"": 0.16666666666666666, ""45"": 0.16666666666666666, ""50"": 0.16666666666666666, ""56"": 0.16666666666666666}",4,2433,13,0.1,0.01,[20],40,0.313,13.703206641832367,0.15138307,0.11456469,0.18075645
ml-1m,mf,35,Age,stratified,1.0,"{""1"": 0.16666666666666666, ""18"": 0.16666666666666666, ""25"": 0.16666666666666666, ""45"": 0.16666666666666666, ""50"": 0.16666666666666666, ""56"": 0.16666666666666666}",4,2434,14,0.1,0.01,[20],40,0.319,13.151779704960063,0.15691534,0.12296841,0.20007883
ml-1m,mf,35,Age,stratified,1.0,"{""1"": 0.16666666666666666, ""18"": 0.16666666666666666, ""25"": 0.16666666666666666, ""45"": 0.16666666666666666, ""50"": 0.16666666666666666, ""56"": 0.16666666666666666}",4,2435,15,0.1,0.01,[20],40,0.321,13.4741217920091,0.14647946,0.11287232,0.17477361
ml-1m,mf,35,Age,stratified,1.0,"{""1"": 0.16666666666666666, ""18"": 0.16666666666666666, ""25"": 0.16666666666666666, ""45"": 0.16666666666666666, ""50"": 0.16666666666666666, ""56"": 0.16666666666666666}",4,2436,16,0.1,0.01,[20],40,0.324,13.336713314056396,0.14488684,0.11403257,0.18144993
ml-1m,mf,35,Age,stratified,1.0,"{""1"": 0.16666666666666666, ""18"": 0.16666666666666666, ""25"": 0.16666666666666666, ""45"": 0.16666666666666666, ""50"": 0.16666666666666666, ""56"": 0.16666666666666666}",4,2437,17,0.1,0.01,[20],40,0.314,13.648545804200694,0.14874267,0.11461373,0.18514317
ml-1m,mf,35,Age,stratified,1.0,"{""1"": 0.16666666666666666, ""18"": 0.16666666666666666, ""25"": 0.16666666666666666, ""45"": 0.16666666666666666, ""50"": 0.16666666666666666, ""56"": 0.16666666666666666}",4,2438,18,0.1,0.01,[20],40,0.315,14.894201131071895,0.15373009,0.12387693,0.19431527
ml-1m,mf,35,Age,stratified,1.0,"{""1"": 0.16666666666666666, ""18"": 0.16666666666666666, ""25"": 0.16666666666666666, ""45"": 0.16666666666666666, ""50"": 0.16666666666666666, ""56"": 0.16666666666666666}",4,2439,19,0.1,0.01,[20],40,0.32,13.662260540993884,0.14425817,0.11122902,0.18384125
ml-1m,mf,35,Age,stratified,1.0,"{""1"": 0.16666666666666666, ""18"": 0.16666666666666666, ""25"": 0.16666666666666666, ""45"": 0.16666666666666666, ""50"": 0.16666666666666666, ""56"": 0.16666666666666666}",4,2440,20,0.1,0.01,[20],40,0.313,13.652238437905908,0.15326907,0.1185692,0.19340568
ml-1m,mf,35,Age,proportional,1.0,"{""1"": 0.04580152671755725, ""18"": 0.22756344130389933, ""25"": 0.43243243243243246, ""45"": 0.11347225087683104, ""50"": 0.10233133897256035, ""56"": 0.07839900969671962}",8,2821,1,0.1,0.01,[20],40,0.293,13.398625680012628,0.16827326,0.13187328,0.2077597
ml-1m,mf,35,Age,proportional,1.0,"{""1"": 0.04580152671755725, ""18"": 0.22756344130389933, ""25"": 0.43243243243243246, ""45"": 0.11347225087683104, ""50"": 0.10233133897256035, ""56"": 0.07839900969671962}",8,2822,2,0.1,0.01,[20],40,0.291,13.778764310991392,0.17904443,0.13912549,0.22578403
ml-1m,mf,35,Age,proportional,1.0,"{""1"": 0.04580152671755725, ""18"": 0.22756344130389933, ""25"": 0.43243243243243246, ""45"": 0.11347225087683104, ""50"": 0.10233133897256035, ""56"": 0.07839900969671962}",8,2823,3,0.1,0.01,[20],40,0.287,15.246300761820748,0.17313495,0.13350401,0.21257151
ml-1m,mf,35,Age,proportional,1.0,"{""1"": 0.04580152671755725, ""18"": 0.22756344130389933, ""25"": 0.43243243243243246, ""45"": 0.11347225087683104, ""50"": 0.10233133897256035, ""56"": 0.07839900969671962}",8,2824,4,0.1,0.01,[20],40,0.287,13.248753670137376,0.16923722,0.1312118,0.20487425
ml-1m,mf,35,Age,proportional,1.0,"{""1"": 0.04580152671755725, ""18"": 0.22756344130389933, ""25"": 0.43243243243243246, ""45"": 0.11347225087683104, ""50"": 0.10233133897256035, ""56"": 0.07839900969671962}",8,2825,5,0.1,0.01,[20],40,0.282,13.375574183883145,0.18315172,0.14246685,0.22944746
ml-1m,mf,35,Age,proportional,1.0,"{""1"": 0.04580152671755725, ""18"": 0.22756344130389933, ""25"": 0.43243243243243246, ""45"": 0.11347225087683104, ""50"": 0.10233133897256035, ""56"": 0.07839900969671962}",8,2826,6,0.1,0.01,[20],40,0.29,13.094307804014534,0.17548198,0.13725376,0.21982514
ml-1m,mf,35,Age,proportional,1.0,"{""1"": 0.04580152671755725, ""18"": 0.22756344130389933, ""25"": 0.43243243243243246, ""45"": 0.11347225087683104, ""50"": 0.10233133897256035, ""56"": 0.07839900969671962}",8,2827,7,0.1,0.01,[20],40,0.293,13.480670966906473,0.17317687,0.13948529,0.21392014
ml-1m,mf,35,Age,proportional,1.0,"{""1"": 0.04580152671755725, ""18"": 0.22756344130389933, ""25"": 0.43243243243243246, ""45"": 0.11347225087683104, ""50"": 0.10233133897256035, ""56"": 0.07839900969671962}",8,2828,8,0.1,0.01,[20],40,0.294,14.606205666903406,0.16839899,0.13056214,0.21071365
ml-1m,mf,35,Age,proportional,1.0,"{""1"": 0.04580152671755725, ""18"": 0.22756344130389933, ""25"": 0.43243243243243246, ""45"": 0.11347225087683104, ""50"": 0.10233133897256035, ""56"": 0.07839900969671962}",8,2829,9,0.1,0.01,[20],40,0.288,13.301448545884341,0.17657167,0.13832598,0.2189798
ml-1m,mf,35,Age,proportional,1.0,"{""1"": 0.04580152671755725, ""18"": 0.22756344130389933, ""25"": 0.43243243243243246, ""45"": 0.11347225087683104, ""50"": 0.10233133897256035, ""56"": 0.07839900969671962}",8,2830,10,0.1,0.01,[20],40,0.296,13.651233945973217,0.16919531,0.13089177,0.20745877
ml-1m,mf,35,Age,proportional,1.0,"{""1"": 0.04580152671755725, ""18"": 0.22756344130389933, ""25"": 0.43243243243243246, ""45"": 0.11347225087683104, ""50"": 0.10233133897256035, ""56"": 0.07839900969671962}",8,2831,11,0.1,0.01,[20],40,0.289,13.621498447842896,0.17795474,0.13794684,0.21789471
ml-1m,mf,35,Age,proportional,1.0,"{""1"": 0.04580152671755725, ""18"": 0.22756344130389933, ""25"": 0.43243243243243246, ""45"": 0.11347225087683104, ""50"": 0.10233133897256035, ""56"": 0.07839900969671962}",8,2832,12,0.1,0.01,[20],40,0.293,14.138371193083003,0.16961442,0.13566199,0.21687517
ml-1m,mf,35,Age,proportional,1.0,"{""1"": 0.04580152671755725, ""18"": 0.22756344130389933, ""25"": 0.43243243243243246, ""45"": 0.11347225087683104, ""50"": 0.10233133897256035, ""56"": 0.07839900969671962}",8,2833,13,0.1,0.01,[20],40,0.287,15.321414010832086,0.18038558,0.13753604,0.22360768
ml-1m,mf,35,Age,proportional,1.0,"{""1"": 0.04580152671755725, ""18"": 0.22756344130389933, ""25"": 0.43243243243243246, ""45"": 0.11347225087683104, ""50"": 0.10233133897256035, ""56"": 0.07839900969671962}",8,2834,14,0.1,0.01,[20],40,0.288,13.558453761041164,0.16877619,0.1331374,0.20446304
ml-1m,mf,35,Age,proportional,1.0,"{""1"": 0.04580152671755725, ""18"": 0.22756344130389933, ""25"": 0.43243243243243246, ""45"": 0.11347225087683104, ""50"": 0.10233133897256035, ""56"": 0.07839900969671962}",8,2835,15,0.1,0.01,[20],40,0.294,13.730920140864328,0.16596815,0.1280796,0.20157981
ml-1m,mf,35,Age,proportional,1.0,"{""1"": 0.04580152671755725, ""18"": 0.22756344130389933, ""25"": 0.43243243243243246, ""45"": 0.11347225087683104, ""50"": 0.10233133897256035, ""56"": 0.07839900969671962}",8,2836,16,0.1,0.01,[20],40,0.293,13.317012117011473,0.17187762,0.13475129,0.21242605
ml-1m,mf,35,Age,proportional,1.0,"{""1"": 0.04580152671755725, ""18"": 0.22756344130389933, ""25"": 0.43243243243243246, ""45"": 0.11347225087683104, ""50"": 0.10233133897256035, ""56"": 0.07839900969671962}",8,2837,17,0.1,0.01,[20],40,0.288,13.556424384005368,0.17523051,0.13374484,0.21316141
ml-1m,mf,35,Age,proportional,1.0,"{""1"": 0.04580152671755725, ""18"": 0.22756344130389933, ""25"": 0.43243243243243246, ""45"": 0.11347225087683104, ""50"": 0.10233133897256035, ""56"": 0.07839900969671962}",8,2838,18,0.1,0.01,[20],40,0.298,14.304316092981026,0.1661777,0.12972288,0.20689366
ml-1m,mf,35,Age,proportional,1.0,"{""1"": 0.04580152671755725, ""18"": 0.22756344130389933, ""25"": 0.43243243243243246, ""45"": 0.11347225087683104, ""50"": 0.10233133897256035, ""56"": 0.07839900969671962}",8,2839,19,0.1,0.01,[20],40,0.29,13.170452482998371,0.17267393,0.13463183,0.21473665
ml-1m,mf,35,Age,proportional,1.0,"{""1"": 0.04580152671755725, ""18"": 0.22756344130389933, ""25"": 0.43243243243243246, ""45"": 0.11347225087683104, ""50"": 0.10233133897256035, ""56"": 0.07839900969671962}",8,2840,20,0.1,0.01,[20],40,0.298,13.61339985509403,0.16898575,0.13311723,0.20930898
ml-1m,mf,35,Age,stratified,1.0,"{""1"": 0.16666666666666666, ""18"": 0.16666666666666666, ""25"": 0.16666666666666666, ""45"": 0.16666666666666666, ""50"": 0.16666666666666666, ""56"": 0.16666666666666666}",8,2821,1,0.1,0.01,[20],40,0.283,13.534735430963337,0.1710394,0.13499046,0.21147151
ml-1m,mf,35,Age,stratified,1.0,"{""1"": 0.16666666666666666, ""18"": 0.16666666666666666, ""25"": 0.16666666666666666, ""45"": 0.16666666666666666, ""50"": 0.16666666666666666, ""56"": 0.16666666666666666}",8,2822,2,0.1,0.01,[20],40,0.287,13.657609526067972,0.17150042,0.12968108,0.21493506
ml-1m,mf,35,Age,stratified,1.0,"{""1"": 0.16666666666666666, ""18"": 0.16666666666666666, ""25"": 0.16666666666666666, ""45"": 0.16666666666666666, ""50"": 0.16666666666666666, ""56"": 0.16666666666666666}",8,2823,3,0.1,0.01,[20],40,0.277,14.1082017889712,0.16760268,0.13320581,0.20723762
ml-1m,mf,35,Age,stratified,1.0,"{""1"": 0.16666666666666666, ""18"": 0.16666666666666666, ""25"": 0.16666666666666666, ""45"": 0.16666666666666666, ""50"": 0.16666666666666666, ""56"": 0.16666666666666666}",8,2824,4,0.1,0.01,[20],40,0.276,13.645332554820925,0.1729254,0.13471352,0.20745863
ml-1m,mf,35,Age,stratified,1.0,"{""1"": 0.16666666666666666, ""18"": 0.16666666666666666, ""25"": 0.16666666666666666, ""45"": 0.16666666666666666, ""50"": 0.16666666666666666, ""56"": 0.16666666666666666}",8,2825,5,0.1,0.01,[20],40,0.277,13.856931543909013,0.17045264,0.13539636,0.21453516
ml-1m,mf,35,Age,stratified,1.0,"{""1"": 0.16666666666666666, ""18"": 0.16666666666666666, ""25"": 0.16666666666666666, ""45"": 0.16666666666666666, ""50"": 0.16666666666666666, ""56"": 0.16666666666666666}",8,2826,6,0.1,0.01,[20],40,0.277,13.193796046078205,0.1710394,0.13420907,0.2157461
ml-1m,mf,35,Age,stratified,1.0,"{""1"": 0.16666666666666666, ""18"": 0.16666666666666666, ""25"": 0.16666666666666666, ""45"": 0.16666666666666666, ""50"": 0.16666666666666666, ""56"": 0.16666666666666666}",8,2827,7,0.1,0.01,[20],40,0.291,13.765367425046861,0.16680637,0.12949113,0.20619298
ml-1m,mf,35,Age,stratified,1.0,"{""1"": 0.16666666666666666, ""18"": 0.16666666666666666, ""25"": 0.16666666666666666, ""45"": 0.16666666666666666, ""50"": 0.16666666666666666, ""56"": 0.16666666666666666}",8,2828,8,0.1,0.01,[20],40,0.285,13.825395616004243,0.16923722,0.13004156,0.20883006
ml-1m,mf,35,Age,stratified,1.0,"{""1"": 0.16666666666666666, ""18"": 0.16666666666666666, ""25"": 0.16666666666666666, ""45"": 0.16666666666666666, ""50"": 0.16666666666666666, ""56"": 0.16666666666666666}",8,2829,9,0.1,0.01,[20],40,0.275,13.867397021967918,0.17267393,0.13578924,0.21786247
ml-1m,mf,35,Age,stratified,1.0,"{""1"": 0.16666666666666666, ""18"": 0.16666666666666666, ""25"": 0.16666666666666666, ""45"": 0.16666666666666666, ""50"": 0.16666666666666666, ""56"": 0.16666666666666666}",8,2830,10,0.1,0.01,[20],40,0.284,13.983563972869888,0.16383068,0.12506634,0.20223363
ml-1m,mf,35,Age,stratified,1.0,"{""1"": 0.16666666666666666, ""18"": 0.16666666666666666, ""25"": 0.16666666666666666, ""45"": 0.16666666666666666, ""50"": 0.16666666666666666, ""56"": 0.16666666666666666}",8,2831,11,0.1,0.01,[20],40,0.282,13.127892355900258,0.16957251,0.12951977,0.20781442
ml-1m,mf,35,Age,stratified,1.0,"{""1"": 0.16666666666666666, ""18"": 0.16666666666666666, ""25"": 0.16666666666666666, ""45"": 0.16666666666666666, ""50"": 0.16666666666666666, ""56"": 0.16666666666666666}",8,2832,12,0.1,0.01,[20],40,0.285,13.292772884014994,0.16475272,0.1306155,0.20794313
ml-1m,mf,35,Age,stratified,1.0,"{""1"": 0.16666666666666666, ""18"": 0.16666666666666666, ""25"": 0.16666666666666666, ""45"": 0.16666666666666666, ""50"": 0.16666666666666666, ""56"": 0.16666666666666666}",8,2833,13,0.1,0.01,[20],40,0.277,13.379195347893983,0.18109807,0.13858748,0.22486443
ml-1m,mf,35,Age,stratified,1.0,"{""1"": 0.16666666666666666, ""18"": 0.16666666666666666, ""25"": 0.16666666666666666, ""45"": 0.16666666666666666, ""50"": 0.16666666666666666, ""56"": 0.16666666666666666}",8,2834,14,0.1,0.01,[20],40,0.285,13.424629335990176,0.15909472,0.12379901,0.18941245
ml-1m,mf,35,Age,stratified,1.0,"{""1"": 0.16666666666666666, ""18"": 0.16666666666666666, ""25"": 0.16666666666666666, ""45"": 0.16666666666666666, ""50"": 0.16666666666666666, ""56"": 0.16666666666666666}",8,2835,15,0.1,0.01,[20],40,0.284,13.137302109971642,0.16253143,0.12528233,0.20150274
ml-1m,mf,35,Age,stratified,1.0,"{""1"": 0.16666666666666666, ""18"": 0.16666666666666666, ""25"": 0.16666666666666666, ""45"": 0.16666666666666666, ""50"": 0.16666666666666666, ""56"": 0.16666666666666666}",8,2836,16,0.1,0.01,[20],40,0.282,13.621554559096694,0.17057837,0.13282606,0.21355174
ml-1m,mf,35,Age,stratified,1.0,"{""1"": 0.16666666666666666, ""18"": 0.16666666666666666, ""25"": 0.16666666666666666, ""45"": 0.16666666666666666, ""50"": 0.16666666666666666, ""56"": 0.16666666666666666}",8,2837,17,0.1,0.01,[20],40,0.28,13.887670886004344,0.17049455,0.13150985,0.20622533
ml-1m,mf,35,Age,stratified,1.0,"{""1"": 0.16666666666666666, ""18"": 0.16666666666666666, ""25"": 0.16666666666666666, ""45"": 0.16666666666666666, ""50"": 0.16666666666666666, ""56"": 0.16666666666666666}",8,2838,18,0.1,0.01,[20],40,0.287,14.064139511901885,0.1631601,0.12884196,0.1998545
ml-1m,mf,35,Age,stratified,1.0,"{""1"": 0.16666666666666666, ""18"": 0.16666666666666666, ""25"": 0.16666666666666666, ""45"": 0.16666666666666666, ""50"": 0.16666666666666666, ""56"": 0.16666666666666666}",8,2839,19,0.1,0.01,[20],40,0.286,13.096891891909763,0.1601425,0.12465919,0.19631735
ml-1m,mf,35,Age,stratified,1.0,"{""1"": 0.16666666666666666, ""18"": 0.16666666666666666, ""25"": 0.16666666666666666, ""45"": 0.16666666666666666, ""50"": 0.16666666666666666, ""56"": 0.16666666666666666}",8,2840,20,0.1,0.01,[20],40,0.283,13.919548769947141,0.16982397,0.13209324,0.21359234
ml-1m,mf,35,Age,proportional,1.0,"{""1"": 0.04580152671755725, ""18"": 0.22756344130389933, ""25"": 0.43243243243243246, ""45"": 0.11347225087683104, ""50"": 0.10233133897256035, ""56"": 0.07839900969671962}",16,3621,1,0.1,0.01,[20],40,0.264,13.404705978929996,0.19681475,0.15548838,0.2422714
ml-1m,mf,35,Age,proportional,1.0,"{""1"": 0.04580152671755725, ""18"": 0.22756344130389933, ""25"": 0.43243243243243246, ""45"": 0.11347225087683104, ""50"": 0.10233133897256035, ""56"": 0.07839900969671962}",16,3622,2,0.1,0.01,[20],40,0.265,13.44372850493528,0.198114,0.15487114,0.24467795
ml-1m,mf,35,Age,proportional,1.0,"{""1"": 0.04580152671755725, ""18"": 0.22756344130389933, ""25"": 0.43243243243243246, ""45"": 0.11347225087683104, ""50"": 0.10233133897256035, ""56"": 0.07839900969671962}",16,3623,3,0.1,0.01,[20],40,0.267,13.41337967198342,0.19937133,0.15547952,0.24690308
ml-1m,mf,35,Age,proportional,1.0,"{""1"": 0.04580152671755725, ""18"": 0.22756344130389933, ""25"": 0.43243243243243246, ""45"": 0.11347225087683104, ""50"": 0.10233133897256035, ""56"": 0.07839900969671962}",16,3624,4,0.1,0.01,[20],40,0.263,13.35969255818054,0.20766974,0.16189905,0.25820139
ml-1m,mf,35,Age,proportional,1.0,"{""1"": 0.04580152671755725, ""18"": 0.22756344130389933, ""25"": 0.43243243243243246, ""45"": 0.11347225087683104, ""50"": 0.10233133897256035, ""56"": 0.07839900969671962}",16,3625,5,0.1,0.01,[20],40,0.263,13.679732321063057,0.19782062,0.15616021,0.24435884
ml-1m,mf,35,Age,proportional,1.0,"{""1"": 0.04580152671755725, ""18"": 0.22756344130389933, ""25"": 0.43243243243243246, ""45"": 0.11347225087683104, ""50"": 0.10233133897256035, ""56"": 0.07839900969671962}",16,3626,6,0.1,0.01,[20],40,0.262,13.268968106945977,0.20184409,0.1562216,0.25191786
ml-1m,mf,35,Age,proportional,1.0,"{""1"": 0.04580152671755725, ""18"": 0.22756344130389933, ""25"": 0.43243243243243246, ""45"": 0.11347225087683104, ""50"": 0.10233133897256035, ""56"": 0.07839900969671962}",16,3627,7,0.1,0.01,[20],40,0.265,13.744145191973075,0.20134116,0.16099981,0.25276711
ml-1m,mf,35,Age,proportional,1.0,"{""1"": 0.04580152671755725, ""18"": 0.22756344130389933, ""25"": 0.43243243243243246, ""45"": 0.11347225087683104, ""50"": 0.10233133897256035, ""56"": 0.07839900969671962}",16,3628,8,0.1,0.01,[20],40,0.266,13.454959803028032,0.19920369,0.154596,0.24658023
ml-1m,mf,35,Age,proportional,1.0,"{""1"": 0.04580152671755725, ""18"": 0.22756344130389933, ""25"": 0.43243243243243246, ""45"": 0.11347225087683104, ""50"": 0.10233133897256035, ""56"": 0.07839900969671962}",16,3629,9,0.1,0.01,[20],40,0.262,13.6616050330922,0.20725063,0.16374631,0.26191109
ml-1m,mf,35,Age,proportional,1.0,"{""1"": 0.04580152671755725, ""18"": 0.22756344130389933, ""25"": 0.43243243243243246, ""45"": 0.11347225087683104, ""50"": 0.10233133897256035, ""56"": 0.07839900969671962}",16,3630,10,0.1,0.01,[20],40,0.265,13.482735817087814,0.20469405,0.16384856,0.25219466
ml-1m,mf,35,Age,proportional,1.0,"{""1"": 0.04580152671755725, ""18"": 0.22756344130389933, ""25"": 0.43243243243243246, ""45"": 0.11347225087683104, ""50"": 0.10233133897256035, ""56"": 0.07839900969671962}",16,3631,11,0.1,0.01,[20],40,0.262,13.978213706053793,0.20356245,0.16112561,0.25561715
ml-1m,mf,35,Age,proportional,1.0,"{""1"": 0.04580152671755725, ""18"": 0.22756344130389933, ""25"": 0.43243243243243246, ""45"": 0.11347225087683104, ""50"": 0.10233133897256035, ""56"": 0.07839900969671962}",16,3632,12,0.1,0.01,[20],40,0.266,13.900135895935819,0.19534786,0.15442556,0.24286775
ml-1m,mf,35,Age,proportional,1.0,"{""1"": 0.04580152671755725, ""18"": 0.22756344130389933, ""25"": 0.43243243243243246, ""45"": 0.11347225087683104, ""50"": 0.10233133897256035, ""56"": 0.07839900969671962}",16,3633,13,0.1,0.01,[20],40,0.269,13.732232780894265,0.20046102,0.15844207,0.24891873
ml-1m,mf,35,Age,proportional,1.0,"{""1"": 0.04580152671755725, ""18"": 0.22756344130389933, ""25"": 0.43243243243243246, ""45"": 0.11347225087683104, ""50"": 0.10233133897256035, ""56"": 0.07839900969671962}",16,3634,14,0.1,0.01,[20],40,0.267,13.926226919982582,0.20008382,0.15665254,0.2443052
ml-1m,mf,35,Age,proportional,1.0,"{""1"": 0.04580152671755725, ""18"": 0.22756344130389933, ""25"": 0.43243243243243246, ""45"": 0.11347225087683104, ""50"": 0.10233133897256035, ""56"": 0.07839900969671962}",16,3635,15,0.1,0.01,[20],40,0.26,13.546400564955547,0.21085499,0.16801436,0.26574446
ml-1m,mf,35,Age,proportional,1.0,"{""1"": 0.04580152671755725, ""18"": 0.22756344130389933, ""25"": 0.43243243243243246, ""45"": 0.11347225087683104, ""50"": 0.10233133897256035, ""56"": 0.07839900969671962}",16,3636,16,0.1,0.01,[20],40,0.265,13.925867908168584,0.20217938,0.16045291,0.24968586
ml-1m,mf,35,Age,proportional,1.0,"{""1"": 0.04580152671755725, ""18"": 0.22756344130389933, ""25"": 0.43243243243243246, ""45"": 0.11347225087683104, ""50"": 0.10233133897256035, ""56"": 0.07839900969671962}",16,3637,17,0.1,0.01,[20],40,0.268,13.778922379948199,0.19823973,0.15462586,0.24319246
ml-1m,mf,35,Age,proportional,1.0,"{""1"": 0.04580152671755725, ""18"": 0.22756344130389933, ""25"": 0.43243243243243246, ""45"": 0.11347225087683104, ""50"": 0.10233133897256035, ""56"": 0.07839900969671962}",16,3638,18,0.1,0.01,[20],40,0.263,13.880313826957718,0.2030176,0.16111177,0.25310073
ml-1m,mf,35,Age,proportional,1.0,"{""1"": 0.04580152671755725, ""18"": 0.22756344130389933, ""25"": 0.43243243243243246, ""45"": 0.11347225087683104, ""50"": 0.10233133897256035, ""56"": 0.07839900969671962}",16,3639,19,0.1,0.01,[20],40,0.264,13.969379744958133,0.20134116,0.15476055,0.24861498
ml-1m,mf,35,Age,proportional,1.0,"{""1"": 0.04580152671755725, ""18"": 0.22756344130389933, ""25"": 0.43243243243243246, ""45"": 0.11347225087683104, ""50"": 0.10233133897256035, ""56"": 0.07839900969671962}",16,3640,20,0.1,0.01,[20],40,0.262,13.666511754970998,0.20167645,0.16062874,0.25113229
ml-1m,mf,35,Age,stratified,1.0,"{""1"": 0.16666666666666666, ""18"": 0.16666666666666666, ""25"": 0.16666666666666666, ""45"": 0.16666666666666666, ""50"": 0.16666666666666666, ""56"": 0.16666666666666666}",16,3621,1,0.1,0.01,[20],40,0.253,13.76137105980888,0.19572506,0.1494239,0.23925716
ml-1m,mf,35,Age,stratified,1.0,"{""1"": 0.16666666666666666, ""18"": 0.16666666666666666, ""25"": 0.16666666666666666, ""45"": 0.16666666666666666, ""50"": 0.16666666666666666, ""56"": 0.16666666666666666}",16,3622,2,0.1,0.01,[20],40,0.255,14.291447191033512,0.19178541,0.15334036,0.23714152
ml-1m,mf,35,Age,stratified,1.0,"{""1"": 0.16666666666666666, ""18"": 0.16666666666666666, ""25"": 0.16666666666666666, ""45"": 0.16666666666666666, ""50"": 0.16666666666666666, ""56"": 0.16666666666666666}",16,3623,3,0.1,0.01,[20],40,0.258,14.056182455969974,0.19040235,0.14758821,0.23668673
ml-1m,mf,35,Age,stratified,1.0,"{""1"": 0.16666666666666666, ""18"": 0.16666666666666666, ""25"": 0.16666666666666666, ""45"": 0.16666666666666666, ""50"": 0.16666666666666666, ""56"": 0.16666666666666666}",16,3624,4,0.1,0.01,[20],40,0.256,13.815466501982883,0.19652137,0.15241868,0.24475249
ml-1m,mf,35,Age,stratified,1.0,"{""1"": 0.16666666666666666, ""18"": 0.16666666666666666, ""25"": 0.16666666666666666, ""45"": 0.16666666666666666, ""50"": 0.16666666666666666, ""56"": 0.16666666666666666}",16,3625,5,0.1,0.01,[20],40,0.255,13.608453724067658,0.19048617,0.14867805,0.23477701
ml-1m,mf,35,Age,stratified,1.0,"{""1"": 0.16666666666666666, ""18"": 0.16666666666666666, ""25"": 0.16666666666666666, ""45"": 0.16666666666666666, ""50"": 0.16666666666666666, ""56"": 0.16666666666666666}",16,3626,6,0.1,0.01,[20],40,0.254,13.888476361054927,0.19505448,0.15385456,0.24490525
ml-1m,mf,35,Age,stratified,1.0,"{""1"": 0.16666666666666666, ""18"": 0.16666666666666666, ""25"": 0.16666666666666666, ""45"": 0.16666666666666666, ""50"": 0.16666666666666666, ""56"": 0.16666666666666666}",16,3627,7,0.1,0.01,[20],40,0.255,14.43276144983247,0.19346186,0.15385237,0.24330514
ml-1m,mf,35,Age,stratified,1.0,"{""1"": 0.16666666666666666, ""18"": 0.16666666666666666, ""25"": 0.16666666666666666, ""45"": 0.16666666666666666, ""50"": 0.16666666666666666, ""56"": 0.16666666666666666}",16,3628,8,0.1,0.01,[20],40,0.256,13.674701561918482,0.19182733,0.1471059,0.23579746
ml-1m,mf,35,Age,stratified,1.0,"{""1"": 0.16666666666666666, ""18"": 0.16666666666666666, ""25"": 0.16666666666666666, ""45"": 0.16666666666666666, ""50"": 0.16666666666666666, ""56"": 0.16666666666666666}",16,3629,9,0.1,0.01,[20],40,0.254,13.885577442822978,0.19819782,0.15800517,0.24812097
ml-1m,mf,35,Age,stratified,1.0,"{""1"": 0.16666666666666666, ""18"": 0.16666666666666666, ""25"": 0.16666666666666666, ""45"": 0.16666666666666666, ""50"": 0.16666666666666666, ""56"": 0.16666666666666666}",16,3630,10,0.1,0.01,[20],40,0.256,14.35540142399259,0.19572506,0.15359058,0.24211374
ml-1m,mf,35,Age,stratified,1.0,"{""1"": 0.16666666666666666, ""18"": 0.16666666666666666, ""25"": 0.16666666666666666, ""45"": 0.16666666666666666, ""50"": 0.16666666666666666, ""56"": 0.16666666666666666}",16,3631,11,0.1,0.01,[20],40,0.254,13.72600537003018,0.19551551,0.15290109,0.24116909
ml-1m,mf,35,Age,stratified,1.0,"{""1"": 0.16666666666666666, ""18"": 0.16666666666666666, ""25"": 0.16666666666666666, ""45"": 0.16666666666666666, ""50"": 0.16666666666666666, ""56"": 0.16666666666666666}",16,3632,12,0.1,0.01,[20],40,0.256,14.32519964594394,0.1958508,0.15194556,0.2396274
ml-1m,mf,35,Age,stratified,1.0,"{""1"": 0.16666666666666666, ""18"": 0.16666666666666666, ""25"": 0.16666666666666666, ""45"": 0.16666666666666666, ""50"": 0.16666666666666666, ""56"": 0.16666666666666666}",16,3633,13,0.1,0.01,[20],40,0.26,13.425496645038947,0.18897737,0.14844007,0.23634233
ml-1m,mf,35,Age,stratified,1.0,"{""1"": 0.16666666666666666, ""18"": 0.16666666666666666, ""25"": 0.16666666666666666, ""45"": 0.16666666666666666, ""50"": 0.16666666666666666, ""56"": 0.16666666666666666}",16,3634,14,0.1,0.01,[20],40,0.257,13.511528207920492,0.19543168,0.15358181,0.23923427
ml-1m,mf,35,Age,stratified,1.0,"{""1"": 0.16666666666666666, ""18"": 0.16666666666666666, ""25"": 0.16666666666666666, ""45"": 0.16666666666666666, ""50"": 0.16666666666666666, ""56"": 0.16666666666666666}",16,3635,15,0.1,0.01,[20],40,0.25,13.52309923293069,0.20586756,0.16288065,0.25778515
ml-1m,mf,35,Age,stratified,1.0,"{""1"": 0.16666666666666666, ""18"": 0.16666666666666666, ""25"": 0.16666666666666666, ""45"": 0.16666666666666666, ""50"": 0.16666666666666666, ""56"": 0.16666666666666666}",16,3636,16,0.1,0.01,[20],40,0.255,13.72919189487584,0.19593462,0.15654915,0.24170255
ml-1m,mf,35,Age,stratified,1.0,"{""1"": 0.16666666666666666, ""18"": 0.16666666666666666, ""25"": 0.16666666666666666, ""45"": 0.16666666666666666, ""50"": 0.16666666666666666, ""56"": 0.16666666666666666}",16,3637,17,0.1,0.01,[20],40,0.257,14.3684656098485,0.19262364,0.15191437,0.23375681
ml-1m,mf,35,Age,stratified,1.0,"{""1"": 0.16666666666666666, ""18"": 0.16666666666666666, ""25"": 0.16666666666666666, ""45"": 0.16666666666666666, ""50"": 0.16666666666666666, ""56"": 0.16666666666666666}",16,3638,18,0.1,0.01,[20],40,0.253,13.47528360504657,0.19731769,0.15871542,0.2456274
ml-1m,mf,35,Age,stratified,1.0,"{""1"": 0.16666666666666666, ""18"": 0.16666666666666666, ""25"": 0.16666666666666666, ""45"": 0.16666666666666666, ""50"": 0.16666666666666666, ""56"": 0.16666666666666666}",16,3639,19,0.1,0.01,[20],40,0.254,13.524284029146656,0.19882649,0.15482188,0.24592026
ml-1m,mf,35,Age,stratified,1.0,"{""1"": 0.16666666666666666, ""18"": 0.16666666666666666, ""25"": 0.16666666666666666, ""45"": 0.16666666666666666, ""50"": 0.16666666666666666, ""56"": 0.16666666666666666}",16,3640,20,0.1,0.01,[20],40,0.251,13.145311706932262,0.19442582,0.15407115,0.24328947
ml-1m,mf,35,Age,proportional,1.0,"{""1"": 0.04580152671755725, ""18"": 0.22756344130389933, ""25"": 0.43243243243243246, ""45"": 0.11347225087683104, ""50"": 0.10233133897256035, ""56"": 0.07839900969671962}",32,5221,1,0.1,0.01,[20],40,0.255,14.007465521106496,0.22531433,0.18060314,0.28374701
ml-1m,mf,35,Age,proportional,1.0,"{""1"": 0.04580152671755725, ""18"": 0.22756344130389933, ""25"": 0.43243243243243246, ""45"": 0.11347225087683104, ""50"": 0.10233133897256035, ""56"": 0.07839900969671962}",32,5222,2,0.1,0.01,[20],40,0.253,13.512874821899459,0.22640402,0.18292837,0.2843638
ml-1m,mf,35,Age,proportional,1.0,"{""1"": 0.04580152671755725, ""18"": 0.22756344130389933, ""25"": 0.43243243243243246, ""45"": 0.11347225087683104, ""50"": 0.10233133897256035, ""56"": 0.07839900969671962}",32,5223,3,0.1,0.01,[20],40,0.256,13.761731708189473,0.22020117,0.17455913,0.27307791
ml-1m,mf,35,Age,proportional,1.0,"{""1"": 0.04580152671755725, ""18"": 0.22756344130389933, ""25"": 0.43243243243243246, ""45"": 0.11347225087683104, ""50"": 0.10233133897256035, ""56"": 0.07839900969671962}",32,5224,4,0.1,0.01,[20],40,0.255,13.67794782598503,0.22761945,0.18558993,0.28644808
ml-1m,mf,35,Age,proportional,1.0,"{""1"": 0.04580152671755725, ""18"": 0.22756344130389933, ""25"": 0.43243243243243246, ""45"": 0.11347225087683104, ""50"": 0.10233133897256035, ""56"": 0.07839900969671962}",32,5225,5,0.1,0.01,[20],40,0.257,13.702117322012782,0.2236798,0.17801346,0.27997625
ml-1m,mf,35,Age,proportional,1.0,"{""1"": 0.04580152671755725, ""18"": 0.22756344130389933, ""25"": 0.43243243243243246, ""45"": 0.11347225087683104, ""50"": 0.10233133897256035, ""56"": 0.07839900969671962}",32,5226,6,0.1,0.01,[20],40,0.255,15.50889763305895,0.22225482,0.17663066,0.27782633
ml-1m,mf,35,Age,proportional,1.0,"{""1"": 0.04580152671755725, ""18"": 0.22756344130389933, ""25"": 0.43243243243243246, ""45"": 0.11347225087683104, ""50"": 0.10233133897256035, ""56"": 0.07839900969671962}",32,5227,7,0.1,0.01,[20],40,0.255,13.35890959086828,0.22590109,0.18404947,0.28590664
ml-1m,mf,35,Age,proportional,1.0,"{""1"": 0.04580152671755725, ""18"": 0.22756344130389933, ""25"": 0.43243243243243246, ""45"": 0.11347225087683104, ""50"": 0.10233133897256035, ""56"": 0.07839900969671962}",32,5228,8,0.1,0.01,[20],40,0.256,13.602712421910837,0.22015926,0.17523764,0.27510129
ml-1m,mf,35,Age,proportional,1.0,"{""1"": 0.04580152671755725, ""18"": 0.22756344130389933, ""25"": 0.43243243243243246, ""45"": 0.11347225087683104, ""50"": 0.10233133897256035, ""56"": 0.07839900969671962}",32,5229,9,0.1,0.01,[20],40,0.254,13.97892951592803,0.22640402,0.18229114,0.28631074
ml-1m,mf,35,Age,proportional,1.0,"{""1"": 0.04580152671755725, ""18"": 0.22756344130389933, ""25"": 0.43243243243243246, ""45"": 0.11347225087683104, ""50"": 0.10233133897256035, ""56"": 0.07839900969671962}",32,5230,10,0.1,0.01,[20],40,0.255,13.55667416099459,0.22812238,0.18115971,0.28325959
ml-1m,mf,35,Age,proportional,1.0,"{""1"": 0.04580152671755725, ""18"": 0.22756344130389933, ""25"": 0.43243243243243246, ""45"": 0.11347225087683104, ""50"": 0.10233133897256035, ""56"": 0.07839900969671962}",32,5231,11,0.1,0.01,[20],40,0.256,13.78528424212709,0.22183571,0.17609344,0.27750562
ml-1m,mf,35,Age,proportional,1.0,"{""1"": 0.04580152671755725, ""18"": 0.22756344130389933, ""25"": 0.43243243243243246, ""45"": 0.11347225087683104, ""50"": 0.10233133897256035, ""56"": 0.07839900969671962}",32,5232,12,0.1,0.01,[20],40,0.254,13.687828581081703,0.23134954,0.18590239,0.29373696
ml-1m,mf,35,Age,proportional,1.0,"{""1"": 0.04580152671755725, ""18"": 0.22756344130389933, ""25"": 0.43243243243243246, ""45"": 0.11347225087683104, ""50"": 0.10233133897256035, ""56"": 0.07839900969671962}",32,5233,13,0.1,0.01,[20],40,0.254,13.888449335936457,0.22569153,0.17777538,0.27975906
ml-1m,mf,35,Age,proportional,1.0,"{""1"": 0.04580152671755725, ""18"": 0.22756344130389933, ""25"": 0.43243243243243246, ""45"": 0.11347225087683104, ""50"": 0.10233133897256035, ""56"": 0.07839900969671962}",32,5234,14,0.1,0.01,[20],40,0.256,13.583131750114262,0.22271584,0.1771705,0.27553405
ml-1m,mf,35,Age,proportional,1.0,"{""1"": 0.04580152671755725, ""18"": 0.22756344130389933, ""25"": 0.43243243243243246, ""45"": 0.11347225087683104, ""50"": 0.10233133897256035, ""56"": 0.07839900969671962}",32,5235,15,0.1,0.01,[20],40,0.254,14.062002339866012,0.227829,0.18650002,0.28667571
ml-1m,mf,35,Age,proportional,1.0,"{""1"": 0.04580152671755725, ""18"": 0.22756344130389933, ""25"": 0.43243243243243246, ""45"": 0.11347225087683104, ""50"": 0.10233133897256035, ""56"": 0.07839900969671962}",32,5236,16,0.1,0.01,[20],40,0.255,13.822771057952195,0.22200335,0.17929149,0.27731231
ml-1m,mf,35,Age,proportional,1.0,"{""1"": 0.04580152671755725, ""18"": 0.22756344130389933, ""25"": 0.43243243243243246, ""45"": 0.11347225087683104, ""50"": 0.10233133897256035, ""56"": 0.07839900969671962}",32,5237,17,0.1,0.01,[20],40,0.254,13.520284518133849,0.22870914,0.18338342,0.28956619
ml-1m,mf,35,Age,proportional,1.0,"{""1"": 0.04580152671755725, ""18"": 0.22756344130389933, ""25"": 0.43243243243243246, ""45"": 0.11347225087683104, ""50"": 0.10233133897256035, ""56"": 0.07839900969671962}",32,5238,18,0.1,0.01,[20],40,0.256,14.094937599962577,0.22007544,0.17844765,0.27471645
ml-1m,mf,35,Age,proportional,1.0,"{""1"": 0.04580152671755725, ""18"": 0.22756344130389933, ""25"": 0.43243243243243246, ""45"": 0.11347225087683104, ""50"": 0.10233133897256035, ""56"": 0.07839900969671962}",32,5239,19,0.1,0.01,[20],40,0.255,13.67477454803884,0.2206622,0.17565959,0.27320451
ml-1m,mf,35,Age,proportional,1.0,"{""1"": 0.04580152671755725, ""18"": 0.22756344130389933, ""25"": 0.43243243243243246, ""45"": 0.11347225087683104, ""50"": 0.10233133897256035, ""56"": 0.07839900969671962}",32,5240,20,0.1,0.01,[20],40,0.255,13.81135325692594,0.22527242,0.17733522,0.27955683
ml-1m,mf,35,Age,stratified,1.0,"{""1"": 0.16666666666666666, ""18"": 0.16666666666666666, ""25"": 0.16666666666666666, ""45"": 0.16666666666666666, ""50"": 0.16666666666666666, ""56"": 0.16666666666666666}",32,5221,1,0.1,0.01,[20],40,0.243,13.98665017192252,0.21860855,0.17366388,0.27272468
ml-1m,mf,35,Age,stratified,1.0,"{""1"": 0.16666666666666666, ""18"": 0.16666666666666666, ""25"": 0.16666666666666666, ""45"": 0.16666666666666666, ""50"": 0.16666666666666666, ""56"": 0.16666666666666666}",32,5222,2,0.1,0.01,[20],40,0.242,13.610656970879063,0.21437552,0.16957645,0.265138
ml-1m,mf,35,Age,stratified,1.0,"{""1"": 0.16666666666666666, ""18"": 0.16666666666666666, ""25"": 0.16666666666666666, ""45"": 0.16666666666666666, ""50"": 0.16666666666666666, ""56"": 0.16666666666666666}",32,5223,3,0.1,0.01,[20],40,0.245,14.413420415949076,0.20641241,0.16145065,0.25122919
ml-1m,mf,35,Age,stratified,1.0,"{""1"": 0.16666666666666666, ""18"": 0.16666666666666666, ""25"": 0.16666666666666666, ""45"": 0.16666666666666666, ""50"": 0.16666666666666666, ""56"": 0.16666666666666666}",32,5224,4,0.1,0.01,[20],40,0.242,14.697292001917958,0.2158005,0.17022211,0.26732367
ml-1m,mf,35,Age,stratified,1.0,"{""1"": 0.16666666666666666, ""18"": 0.16666666666666666, ""25"": 0.16666666666666666, ""45"": 0.16666666666666666, ""50"": 0.16666666666666666, ""56"": 0.16666666666666666}",32,5225,5,0.1,0.01,[20],40,0.244,14.376403321046382,0.21441744,0.16792237,0.26832609
ml-1m,mf,35,Age,stratified,1.0,"{""1"": 0.16666666666666666, ""18"": 0.16666666666666666, ""25"": 0.16666666666666666, ""45"": 0.16666666666666666, ""50"": 0.16666666666666666, ""56"": 0.16666666666666666}",32,5226,6,0.1,0.01,[20],40,0.244,13.911978368880227,0.21500419,0.17033402,0.2672421
ml-1m,mf,35,Age,stratified,1.0,"{""1"": 0.16666666666666666, ""18"": 0.16666666666666666, ""25"": 0.16666666666666666, ""45"": 0.16666666666666666, ""50"": 0.16666666666666666, ""56"": 0.16666666666666666}",32,5227,7,0.1,0.01,[20],40,0.243,13.558963694842532,0.21705784,0.1698683,0.26966231
ml-1m,mf,35,Age,stratified,1.0,"{""1"": 0.16666666666666666, ""18"": 0.16666666666666666, ""25"": 0.16666666666666666, ""45"": 0.16666666666666666, ""50"": 0.16666666666666666, ""56"": 0.16666666666666666}",32,5228,8,0.1,0.01,[20],40,0.244,13.633399597136304,0.21031014,0.16628646,0.26085088
ml-1m,mf,35,Age,stratified,1.0,"{""1"": 0.16666666666666666, ""18"": 0.16666666666666666, ""25"": 0.16666666666666666, ""45"": 0.16666666666666666, ""50"": 0.16666666666666666, ""56"": 0.16666666666666666}",32,5229,9,0.1,0.01,[20],40,0.242,13.823271575849503,0.21613579,0.17058832,0.26848183
ml-1m,mf,35,Age,stratified,1.0,"{""1"": 0.16666666666666666, ""18"": 0.16666666666666666, ""25"": 0.16666666666666666, ""45"": 0.16666666666666666, ""50"": 0.16666666666666666, ""56"": 0.16666666666666666}",32,5230,10,0.1,0.01,[20],40,0.242,13.870450417045504,0.21781224,0.16915305,0.26889941
ml-1m,mf,35,Age,stratified,1.0,"{""1"": 0.16666666666666666, ""18"": 0.16666666666666666, ""25"": 0.16666666666666666, ""45"": 0.16666666666666666, ""50"": 0.16666666666666666, ""56"": 0.16666666666666666}",32,5231,11,0.1,0.01,[20],40,0.243,13.88583620893769,0.21441744,0.16698479,0.26361571
ml-1m,mf,35,Age,stratified,1.0,"{""1"": 0.16666666666666666, ""18"": 0.16666666666666666, ""25"": 0.16666666666666666, ""45"": 0.16666666666666666, ""50"": 0.16666666666666666, ""56"": 0.16666666666666666}",32,5232,12,0.1,0.01,[20],40,0.242,13.474287203978747,0.21860855,0.17490896,0.27439439
ml-1m,mf,35,Age,stratified,1.0,"{""1"": 0.16666666666666666, ""18"": 0.16666666666666666, ""25"": 0.16666666666666666, ""45"": 0.16666666666666666, ""50"": 0.16666666666666666, ""56"": 0.16666666666666666}",32,5233,13,0.1,0.01,[20],40,0.242,13.859361962182447,0.21726739,0.17165418,0.26595703
ml-1m,mf,35,Age,stratified,1.0,"{""1"": 0.16666666666666666, ""18"": 0.16666666666666666, ""25"": 0.16666666666666666, ""45"": 0.16666666666666666, ""50"": 0.16666666666666666, ""56"": 0.16666666666666666}",32,5234,14,0.1,0.01,[20],40,0.243,13.583961191121489,0.21261526,0.16677455,0.26081455
ml-1m,mf,35,Age,stratified,1.0,"{""1"": 0.16666666666666666, ""18"": 0.16666666666666666, ""25"": 0.16666666666666666, ""45"": 0.16666666666666666, ""50"": 0.16666666666666666, ""56"": 0.16666666666666666}",32,5235,15,0.1,0.01,[20],40,0.242,13.98544894088991,0.21915339,0.17585367,0.27692336
ml-1m,mf,35,Age,stratified,1.0,"{""1"": 0.16666666666666666, ""18"": 0.16666666666666666, ""25"": 0.16666666666666666, ""45"": 0.16666666666666666, ""50"": 0.16666666666666666, ""56"": 0.16666666666666666}",32,5236,16,0.1,0.01,[20],40,0.243,14.007693334948272,0.21119028,0.16679558,0.26156735
ml-1m,mf,35,Age,stratified,1.0,"{""1"": 0.16666666666666666, ""18"": 0.16666666666666666, ""25"": 0.16666666666666666, ""45"": 0.16666666666666666, ""50"": 0.16666666666666666, ""56"": 0.16666666666666666}",32,5237,17,0.1,0.01,[20],40,0.242,13.451876667095348,0.21986588,0.17540356,0.2749497
ml-1m,mf,35,Age,stratified,1.0,"{""1"": 0.16666666666666666, ""18"": 0.16666666666666666, ""25"": 0.16666666666666666, ""45"": 0.16666666666666666, ""50"": 0.16666666666666666, ""56"": 0.16666666666666666}",32,5238,18,0.1,0.01,[20],40,0.244,13.777600297005847,0.21114837,0.1688721,0.26246595
ml-1m,mf,35,Age,stratified,1.0,"{""1"": 0.16666666666666666, ""18"": 0.16666666666666666, ""25"": 0.16666666666666666, ""45"": 0.16666666666666666, ""50"": 0.16666666666666666, ""56"": 0.16666666666666666}",32,5239,19,0.1,0.01,[20],40,0.242,13.489619835047051,0.21827326,0.17143786,0.26944542
ml-1m,mf,35,Age,stratified,1.0,"{""1"": 0.16666666666666666, ""18"": 0.16666666666666666, ""25"": 0.16666666666666666, ""45"": 0.16666666666666666, ""50"": 0.16666666666666666, ""56"": 0.16666666666666666}",32,5240,20,0.1,0.01,[20],40,0.243,13.805998783791438,0.21538139,0.16765505,0.26475017
ml-1m,mf,35,Age,proportional,1.0,"{""1"": 0.04580152671755725, ""18"": 0.22756344130389933, ""25"": 0.43243243243243246, ""45"": 0.11347225087683104, ""50"": 0.10233133897256035, ""56"": 0.07839900969671962}",64,8421,1,0.1,0.01,[20],40,0.273,14.21510071400553,0.23084661,0.18693331,0.28869562
ml-1m,mf,35,Age,proportional,1.0,"{""1"": 0.04580152671755725, ""18"": 0.22756344130389933, ""25"": 0.43243243243243246, ""45"": 0.11347225087683104, ""50"": 0.10233133897256035, ""56"": 0.07839900969671962}",64,8422,2,0.1,0.01,[20],40,0.273,13.921665161149576,0.23331936,0.18850172,0.29859712
ml-1m,mf,35,Age,proportional,1.0,"{""1"": 0.04580152671755725, ""18"": 0.22756344130389933, ""25"": 0.43243243243243246, ""45"": 0.11347225087683104, ""50"": 0.10233133897256035, ""56"": 0.07839900969671962}",64,8423,3,0.1,0.01,[20],40,0.274,14.010356725892052,0.23197821,0.18460049,0.29163735
ml-1m,mf,35,Age,proportional,1.0,"{""1"": 0.04580152671755725, ""18"": 0.22756344130389933, ""25"": 0.43243243243243246, ""45"": 0.11347225087683104, ""50"": 0.10233133897256035, ""56"": 0.07839900969671962}",64,8424,4,0.1,0.01,[20],40,0.274,13.961881890892982,0.23365465,0.18966825,0.29659217
ml-1m,mf,35,Age,proportional,1.0,"{""1"": 0.04580152671755725, ""18"": 0.22756344130389933, ""25"": 0.43243243243243246, ""45"": 0.11347225087683104, ""50"": 0.10233133897256035, ""56"": 0.07839900969671962}",64,8425,5,0.1,0.01,[20],40,0.273,14.373890744987875,0.23298407,0.18989592,0.29506499
ml-1m,mf,35,Age,proportional,1.0,"{""1"": 0.04580152671755725, ""18"": 0.22756344130389933, ""25"": 0.43243243243243246, ""45"": 0.11347225087683104, ""50"": 0.10233133897256035, ""56"": 0.07839900969671962}",64,8426,6,0.1,0.01,[20],40,0.273,14.32112122909166,0.23742666,0.19277087,0.29979114
ml-1m,mf,35,Age,proportional,1.0,"{""1"": 0.04580152671755725, ""18"": 0.22756344130389933, ""25"": 0.43243243243243246, ""45"": 0.11347225087683104, ""50"": 0.10233133897256035, ""56"": 0.07839900969671962}",64,8427,7,0.1,0.01,[20],40,0.273,13.961188035085797,0.23449288,0.18772489,0.29158186
ml-1m,mf,35,Age,proportional,1.0,"{""1"": 0.04580152671755725, ""18"": 0.22756344130389933, ""25"": 0.43243243243243246, ""45"": 0.11347225087683104, ""50"": 0.10233133897256035, ""56"": 0.07839900969671962}",64,8428,8,0.1,0.01,[20],40,0.274,14.018803000915796,0.23134954,0.18308586,0.28579916
ml-1m,mf,35,Age,proportional,1.0,"{""1"": 0.04580152671755725, ""18"": 0.22756344130389933, ""25"": 0.43243243243243246, ""45"": 0.11347225087683104, ""50"": 0.10233133897256035, ""56"": 0.07839900969671962}",64,8429,9,0.1,0.01,[20],40,0.273,14.406038088025525,0.23642079,0.1909203,0.29835955
ml-1m,mf,35,Age,proportional,1.0,"{""1"": 0.04580152671755725, ""18"": 0.22756344130389933, ""25"": 0.43243243243243246, ""45"": 0.11347225087683104, ""50"": 0.10233133897256035, ""56"": 0.07839900969671962}",64,8430,10,0.1,0.01,[20],40,0.273,14.22513572499156,0.23122381,0.18637707,0.28656821
ml-1m,mf,35,Age,proportional,1.0,"{""1"": 0.04580152671755725, ""18"": 0.22756344130389933, ""25"": 0.43243243243243246, ""45"": 0.11347225087683104, ""50"": 0.10233133897256035, ""56"": 0.07839900969671962}",64,8431,11,0.1,0.01,[20],40,0.274,14.55659605609253,0.23206203,0.18692601,0.29392327
ml-1m,mf,35,Age,proportional,1.0,"{""1"": 0.04580152671755725, ""18"": 0.22756344130389933, ""25"": 0.43243243243243246, ""45"": 0.11347225087683104, ""50"": 0.10233133897256035, ""56"": 0.07839900969671962}",64,8432,12,0.1,0.01,[20],40,0.273,14.623480555834249,0.23113998,0.1851159,0.2882245
ml-1m,mf,35,Age,proportional,1.0,"{""1"": 0.04580152671755725, ""18"": 0.22756344130389933, ""25"": 0.43243243243243246, ""45"": 0.11347225087683104, ""50"": 0.10233133897256035, ""56"": 0.07839900969671962}",64,8433,13,0.1,0.01,[20],40,0.274,14.664192311000079,0.22829003,0.17980308,0.28450988
ml-1m,mf,35,Age,proportional,1.0,"{""1"": 0.04580152671755725, ""18"": 0.22756344130389933, ""25"": 0.43243243243243246, ""45"": 0.11347225087683104, ""50"": 0.10233133897256035, ""56"": 0.07839900969671962}",64,8434,14,0.1,0.01,[20],40,0.274,14.564825240988284,0.23361274,0.18901613,0.29273582
ml-1m,mf,35,Age,proportional,1.0,"{""1"": 0.04580152671755725, ""18"": 0.22756344130389933, ""25"": 0.43243243243243246, ""45"": 0.11347225087683104, ""50"": 0.10233133897256035, ""56"": 0.07839900969671962}",64,8435,15,0.1,0.01,[20],40,0.275,14.197889685165137,0.22917016,0.18401354,0.28634102
ml-1m,mf,35,Age,proportional,1.0,"{""1"": 0.04580152671755725, ""18"": 0.22756344130389933, ""25"": 0.43243243243243246, ""45"": 0.11347225087683104, ""50"": 0.10233133897256035, ""56"": 0.07839900969671962}",64,8436,16,0.1,0.01,[20],40,0.273,14.306544695980847,0.23440905,0.18746132,0.28997411
ml-1m,mf,35,Age,proportional,1.0,"{""1"": 0.04580152671755725, ""18"": 0.22756344130389933, ""25"": 0.43243243243243246, ""45"": 0.11347225087683104, ""50"": 0.10233133897256035, ""56"": 0.07839900969671962}",64,8437,17,0.1,0.01,[20],40,0.274,14.188094306038693,0.23273261,0.18454531,0.28670951
ml-1m,mf,35,Age,proportional,1.0,"{""1"": 0.04580152671755725, ""18"": 0.22756344130389933, ""25"": 0.43243243243243246, ""45"": 0.11347225087683104, ""50"": 0.10233133897256035, ""56"": 0.07839900969671962}",64,8438,18,0.1,0.01,[20],40,0.272,13.91089019807987,0.23658843,0.19102748,0.2992021
ml-1m,mf,35,Age,proportional,1.0,"{""1"": 0.04580152671755725, ""18"": 0.22756344130389933, ""25"": 0.43243243243243246, ""45"": 0.11347225087683104, ""50"": 0.10233133897256035, ""56"": 0.07839900969671962}",64,8439,19,0.1,0.01,[20],40,0.274,14.206867907196283,0.23147527,0.18509063,0.28835969
ml-1m,mf,35,Age,proportional,1.0,"{""1"": 0.04580152671755725, ""18"": 0.22756344130389933, ""25"": 0.43243243243243246, ""45"": 0.11347225087683104, ""50"": 0.10233133897256035, ""56"": 0.07839900969671962}",64,8440,20,0.1,0.01,[20],40,0.275,14.070045680040494,0.23122381,0.18538424,0.2888853
ml-1m,mf,35,Age,stratified,1.0,"{""1"": 0.16666666666666666, ""18"": 0.16666666666666666, ""25"": 0.16666666666666666, ""45"": 0.16666666666666666, ""50"": 0.16666666666666666, ""56"": 0.16666666666666666}",64,8421,1,0.1,0.01,[20],40,0.261,14.002668518107384,0.22221291,0.1737935,0.27410037
ml-1m,mf,35,Age,stratified,1.0,"{""1"": 0.16666666666666666, ""18"": 0.16666666666666666, ""25"": 0.16666666666666666, ""45"": 0.16666666666666666, ""50"": 0.16666666666666666, ""56"": 0.16666666666666666}",64,8422,2,0.1,0.01,[20],40,0.26,14.274760893080384,0.22673931,0.18094311,0.2829974
ml-1m,mf,35,Age,stratified,1.0,"{""1"": 0.16666666666666666, ""18"": 0.16666666666666666, ""25"": 0.16666666666666666, ""45"": 0.16666666666666666, ""50"": 0.16666666666666666, ""56"": 0.16666666666666666}",64,8423,3,0.1,0.01,[20],40,0.261,14.411640879930928,0.21785415,0.16748608,0.26670232
ml-1m,mf,35,Age,stratified,1.0,"{""1"": 0.16666666666666666, ""18"": 0.16666666666666666, ""25"": 0.16666666666666666, ""45"": 0.16666666666666666, ""50"": 0.16666666666666666, ""56"": 0.16666666666666666}",64,8424,4,0.1,0.01,[20],40,0.261,14.11963720805943,0.22757754,0.18197338,0.28578639
ml-1m,mf,35,Age,stratified,1.0,"{""1"": 0.16666666666666666, ""18"": 0.16666666666666666, ""25"": 0.16666666666666666, ""45"": 0.16666666666666666, ""50"": 0.16666666666666666, ""56"": 0.16666666666666666}",64,8425,5,0.1,0.01,[20],40,0.26,14.230457511032,0.22414082,0.17946382,0.27960352
ml-1m,mf,35,Age,stratified,1.0,"{""1"": 0.16666666666666666, ""18"": 0.16666666666666666, ""25"": 0.16666666666666666, ""45"": 0.16666666666666666, ""50"": 0.16666666666666666, ""56"": 0.16666666666666666}",64,8426,6,0.1,0.01,[20],40,0.26,14.35947297909297,0.22212909,0.17542148,0.27472743
ml-1m,mf,35,Age,stratified,1.0,"{""1"": 0.16666666666666666, ""18"": 0.16666666666666666, ""25"": 0.16666666666666666, ""45"": 0.16666666666666666, ""50"": 0.16666666666666666, ""56"": 0.16666666666666666}",64,8427,7,0.1,0.01,[20],40,0.26,14.021701538935304,0.22221291,0.17705411,0.27568769
ml-1m,mf,35,Age,stratified,1.0,"{""1"": 0.16666666666666666, ""18"": 0.16666666666666666, ""25"": 0.16666666666666666, ""45"": 0.16666666666666666, ""50"": 0.16666666666666666, ""56"": 0.16666666666666666}",64,8428,8,0.1,0.01,[20],40,0.261,14.250140408053994,0.22250629,0.17507999,0.27384376
ml-1m,mf,35,Age,stratified,1.0,"{""1"": 0.16666666666666666, ""18"": 0.16666666666666666, ""25"": 0.16666666666666666, ""45"": 0.16666666666666666, ""50"": 0.16666666666666666, ""56"": 0.16666666666666666}",64,8429,9,0.1,0.01,[20],40,0.26,14.059840256813914,0.22166806,0.17465875,0.27574467
ml-1m,mf,35,Age,stratified,1.0,"{""1"": 0.16666666666666666, ""18"": 0.16666666666666666, ""25"": 0.16666666666666666, ""45"": 0.16666666666666666, ""50"": 0.16666666666666666, ""56"": 0.16666666666666666}",64,8430,10,0.1,0.01,[20],40,0.261,14.062075264984742,0.21869237,0.17356788,0.27037087
ml-1m,mf,35,Age,stratified,1.0,"{""1"": 0.16666666666666666, ""18"": 0.16666666666666666, ""25"": 0.16666666666666666, ""45"": 0.16666666666666666, ""50"": 0.16666666666666666, ""56"": 0.16666666666666666}",64,8431,11,0.1,0.01,[20],40,0.26,14.410569086205214,0.22095557,0.17695331,0.27444509
ml-1m,mf,35,Age,stratified,1.0,"{""1"": 0.16666666666666666, ""18"": 0.16666666666666666, ""25"": 0.16666666666666666, ""45"": 0.16666666666666666, ""50"": 0.16666666666666666, ""56"": 0.16666666666666666}",64,8432,12,0.1,0.01,[20],40,0.261,14.341173570137471,0.21923722,0.1727848,0.2693134
ml-1m,mf,35,Age,stratified,1.0,"{""1"": 0.16666666666666666, ""18"": 0.16666666666666666, ""25"": 0.16666666666666666, ""45"": 0.16666666666666666, ""50"": 0.16666666666666666, ""56"": 0.16666666666666666}",64,8433,13,0.1,0.01,[20],40,0.261,14.21606937609613,0.22233864,0.17483221,0.27345539
ml-1m,mf,35,Age,stratified,1.0,"{""1"": 0.16666666666666666, ""18"": 0.16666666666666666, ""25"": 0.16666666666666666, ""45"": 0.16666666666666666, ""50"": 0.16666666666666666, ""56"": 0.16666666666666666}",64,8434,14,0.1,0.01,[20],40,0.261,14.463369053089991,0.22204526,0.17715898,0.27430121
ml-1m,mf,35,Age,stratified,1.0,"{""1"": 0.16666666666666666, ""18"": 0.16666666666666666, ""25"": 0.16666666666666666, ""45"": 0.16666666666666666, ""50"": 0.16666666666666666, ""56"": 0.16666666666666666}",64,8435,15,0.1,0.01,[20],40,0.261,14.231408640975133,0.21743504,0.16960963,0.26464768
ml-1m,mf,35,Age,stratified,1.0,"{""1"": 0.16666666666666666, ""18"": 0.16666666666666666, ""25"": 0.16666666666666666, ""45"": 0.16666666666666666, ""50"": 0.16666666666666666, ""56"": 0.16666666666666666}",64,8436,16,0.1,0.01,[20],40,0.26,14.213290841085836,0.22309304,0.17476448,0.27272384
ml-1m,mf,35,Age,stratified,1.0,"{""1"": 0.16666666666666666, ""18"": 0.16666666666666666, ""25"": 0.16666666666666666, ""45"": 0.16666666666666666, ""50"": 0.16666666666666666, ""56"": 0.16666666666666666}",64,8437,17,0.1,0.01,[20],40,0.26,14.607890523970127,0.22271584,0.1740428,0.27370073
ml-1m,mf,35,Age,stratified,1.0,"{""1"": 0.16666666666666666, ""18"": 0.16666666666666666, ""25"": 0.16666666666666666, ""45"": 0.16666666666666666, ""50"": 0.16666666666666666, ""56"": 0.16666666666666666}",64,8438,18,0.1,0.01,[20],40,0.259,15.017071475973353,0.22552389,0.17806118,0.27906373
ml-1m,mf,35,Age,stratified,1.0,"{""1"": 0.16666666666666666, ""18"": 0.16666666666666666, ""25"": 0.16666666666666666, ""45"": 0.16666666666666666, ""50"": 0.16666666666666666, ""56"": 0.16666666666666666}",64,8439,19,0.1,0.01,[20],40,0.26,14.246729179983959,0.22250629,0.17575336,0.27308802
ml-1m,mf,35,Age,stratified,1.0,"{""1"": 0.16666666666666666, ""18"": 0.16666666666666666, ""25"": 0.16666666666666666, ""45"": 0.16666666666666666, ""50"": 0.16666666666666666, ""56"": 0.16666666666666666}",64,8440,20,0.1,0.01,[20],40,0.261,14.305598773993552,0.21739313,0.17160082,0.2672842
ml-1m,mf,35,Age,proportional,1.0,"{""1"": 0.04580152671755725, ""18"": 0.22756344130389933, ""25"": 0.43243243243243246, ""45"": 0.11347225087683104, ""50"": 0.10233133897256035, ""56"": 0.07839900969671962}",128,14821,1,0.1,0.01,[20],40,0.348,15.896582109155133,0.22485331,0.18171986,0.28277345
ml-1m,mf,35,Age,proportional,1.0,"{""1"": 0.04580152671755725, ""18"": 0.22756344130389933, ""25"": 0.43243243243243246, ""45"": 0.11347225087683104, ""50"": 0.10233133897256035, ""56"": 0.07839900969671962}",128,14822,2,0.1,0.01,[20],40,0.348,15.700265209190547,0.22573345,0.1826015,0.28328204
ml-1m,mf,35,Age,proportional,1.0,"{""1"": 0.04580152671755725, ""18"": 0.22756344130389933, ""25"": 0.43243243243243246, ""45"": 0.11347225087683104, ""50"": 0.10233133897256035, ""56"": 0.07839900969671962}",128,14823,3,0.1,0.01,[20],40,0.349,15.436139199882746,0.22447611,0.1776828,0.27868233
ml-1m,mf,35,Age,proportional,1.0,"{""1"": 0.04580152671755725, ""18"": 0.22756344130389933, ""25"": 0.43243243243243246, ""45"": 0.11347225087683104, ""50"": 0.10233133897256035, ""56"": 0.07839900969671962}",128,14824,4,0.1,0.01,[20],40,0.348,15.46036163601093,0.22305113,0.17824466,0.27910497
ml-1m,mf,35,Age,proportional,1.0,"{""1"": 0.04580152671755725, ""18"": 0.22756344130389933, ""25"": 0.43243243243243246, ""45"": 0.11347225087683104, ""50"": 0.10233133897256035, ""56"": 0.07839900969671962}",128,14825,5,0.1,0.01,[20],40,0.349,15.331863657105714,0.22602682,0.18053473,0.28273431
ml-1m,mf,35,Age,proportional,1.0,"{""1"": 0.04580152671755725, ""18"": 0.22756344130389933, ""25"": 0.43243243243243246, ""45"": 0.11347225087683104, ""50"": 0.10233133897256035, ""56"": 0.07839900969671962}",128,14826,6,0.1,0.01,[20],40,0.35,15.610548935830593,0.220285,0.17834533,0.27598337
ml-1m,mf,35,Age,proportional,1.0,"{""1"": 0.04580152671755725, ""18"": 0.22756344130389933, ""25"": 0.43243243243243246, ""45"": 0.11347225087683104, ""50"": 0.10233133897256035, ""56"": 0.07839900969671962}",128,14827,7,0.1,0.01,[20],40,0.348,15.025559830944985,0.22393127,0.18248395,0.28134335
ml-1m,mf,35,Age,proportional,1.0,"{""1"": 0.04580152671755725, ""18"": 0.22756344130389933, ""25"": 0.43243243243243246, ""45"": 0.11347225087683104, ""50"": 0.10233133897256035, ""56"": 0.07839900969671962}",128,14828,8,0.1,0.01,[20],40,0.348,15.148681941209361,0.22342833,0.18054454,0.28102654
ml-1m,mf,35,Age,proportional,1.0,"{""1"": 0.04580152671755725, ""18"": 0.22756344130389933, ""25"": 0.43243243243243246, ""45"": 0.11347225087683104, ""50"": 0.10233133897256035, ""56"": 0.07839900969671962}",128,14829,9,0.1,0.01,[20],40,0.349,15.115926897153258,0.22422464,0.18492314,0.28342209
ml-1m,mf,35,Age,proportional,1.0,"{""1"": 0.04580152671755725, ""18"": 0.22756344130389933, ""25"": 0.43243243243243246, ""45"": 0.11347225087683104, ""50"": 0.10233133897256035, ""56"": 0.07839900969671962}",128,14830,10,0.1,0.01,[20],40,0.349,15.844695033039898,0.22112322,0.17809662,0.28062491
ml-1m,mf,35,Age,proportional,1.0,"{""1"": 0.04580152671755725, ""18"": 0.22756344130389933, ""25"": 0.43243243243243246, ""45"": 0.11347225087683104, ""50"": 0.10233133897256035, ""56"": 0.07839900969671962}",128,14831,11,0.1,0.01,[20],40,0.348,15.224019847111776,0.22506287,0.18245145,0.28513646
ml-1m,mf,35,Age,proportional,1.0,"{""1"": 0.04580152671755725, ""18"": 0.22756344130389933, ""25"": 0.43243243243243246, ""45"": 0.11347225087683104, ""50"": 0.10233133897256035, ""56"": 0.07839900969671962}",128,14832,12,0.1,0.01,[20],40,0.349,15.258085766108707,0.2217938,0.18147031,0.27974746
ml-1m,mf,35,Age,proportional,1.0,"{""1"": 0.04580152671755725, ""18"": 0.22756344130389933, ""25"": 0.43243243243243246, ""45"": 0.11347225087683104, ""50"": 0.10233133897256035, ""56"": 0.07839900969671962}",128,14833,13,0.1,0.01,[20],40,0.348,15.020727439085022,0.22397318,0.17822858,0.27950476
ml-1m,mf,35,Age,proportional,1.0,"{""1"": 0.04580152671755725, ""18"": 0.22756344130389933, ""25"": 0.43243243243243246, ""45"": 0.11347225087683104, ""50"": 0.10233133897256035, ""56"": 0.07839900969671962}",128,14834,14,0.1,0.01,[20],40,0.349,15.830571891972795,0.22548198,0.18277835,0.28445124
ml-1m,mf,35,Age,proportional,1.0,"{""1"": 0.04580152671755725, ""18"": 0.22756344130389933, ""25"": 0.43243243243243246, ""45"": 0.11347225087683104, ""50"": 0.10233133897256035, ""56"": 0.07839900969671962}",128,14835,15,0.1,0.01,[20],40,0.349,14.889400907093659,0.22238055,0.17865401,0.28096808
ml-1m,mf,35,Age,proportional,1.0,"{""1"": 0.04580152671755725, ""18"": 0.22756344130389933, ""25"": 0.43243243243243246, ""45"": 0.11347225087683104, ""50"": 0.10233133897256035, ""56"": 0.07839900969671962}",128,14836,16,0.1,0.01,[20],40,0.349,15.527977237012237,0.2255658,0.18114612,0.28422675
ml-1m,mf,35,Age,proportional,1.0,"{""1"": 0.04580152671755725, ""18"": 0.22756344130389933, ""25"": 0.43243243243243246, ""45"": 0.11347225087683104, ""50"": 0.10233133897256035, ""56"": 0.07839900969671962}",128,14837,17,0.1,0.01,[20],40,0.349,15.251037658192217,0.22108131,0.17701162,0.28056782
ml-1m,mf,35,Age,proportional,1.0,"{""1"": 0.04580152671755725, ""18"": 0.22756344130389933, ""25"": 0.43243243243243246, ""45"": 0.11347225087683104, ""50"": 0.10233133897256035, ""56"": 0.07839900969671962}",128,14838,18,0.1,0.01,[20],40,0.348,16.29306113999337,0.22418273,0.18224689,0.28330927
ml-1m,mf,35,Age,proportional,1.0,"{""1"": 0.04580152671755725, ""18"": 0.22756344130389933, ""25"": 0.43243243243243246, ""45"": 0.11347225087683104, ""50"": 0.10233133897256035, ""56"": 0.07839900969671962}",128,14839,19,0.1,0.01,[20],40,0.349,15.464266830822453,0.22074602,0.17686418,0.27786262
ml-1m,mf,35,Age,proportional,1.0,"{""1"": 0.04580152671755725, ""18"": 0.22756344130389933, ""25"": 0.43243243243243246, ""45"": 0.11347225087683104, ""50"": 0.10233133897256035, ""56"": 0.07839900969671962}",128,14840,20,0.1,0.01,[20],40,0.349,15.710522613953799,0.22460184,0.1794117,0.28080897
ml-1m,mf,35,Age,stratified,1.0,"{""1"": 0.16666666666666666, ""18"": 0.16666666666666666, ""25"": 0.16666666666666666, ""45"": 0.16666666666666666, ""50"": 0.16666666666666666, ""56"": 0.16666666666666666}",128,14821,1,0.1,0.01,[20],40,0.34,15.802326845005155,0.21135792,0.16596105,0.25965845
ml-1m,mf,35,Age,stratified,1.0,"{""1"": 0.16666666666666666, ""18"": 0.16666666666666666, ""25"": 0.16666666666666666, ""45"": 0.16666666666666666, ""50"": 0.16666666666666666, ""56"": 0.16666666666666666}",128,14822,2,0.1,0.01,[20],40,0.339,16.678703736979514,0.2090109,0.16610242,0.25722679
ml-1m,mf,35,Age,stratified,1.0,"{""1"": 0.16666666666666666, ""18"": 0.16666666666666666, ""25"": 0.16666666666666666, ""45"": 0.16666666666666666, ""50"": 0.16666666666666666, ""56"": 0.16666666666666666}",128,14823,3,0.1,0.01,[20],40,0.34,15.44933993392624,0.21156748,0.16474598,0.25908367
ml-1m,mf,35,Age,stratified,1.0,"{""1"": 0.16666666666666666, ""18"": 0.16666666666666666, ""25"": 0.16666666666666666, ""45"": 0.16666666666666666, ""50"": 0.16666666666666666, ""56"": 0.16666666666666666}",128,14824,4,0.1,0.01,[20],40,0.34,15.543197527062148,0.21035205,0.1658246,0.25943609
ml-1m,mf,35,Age,stratified,1.0,"{""1"": 0.16666666666666666, ""18"": 0.16666666666666666, ""25"": 0.16666666666666666, ""45"": 0.16666666666666666, ""50"": 0.16666666666666666, ""56"": 0.16666666666666666}",128,14825,5,0.1,0.01,[20],40,0.34,15.691303082043305,0.20867561,0.16499288,0.25918946
ml-1m,mf,35,Age,stratified,1.0,"{""1"": 0.16666666666666666, ""18"": 0.16666666666666666, ""25"": 0.16666666666666666, ""45"": 0.16666666666666666, ""50"": 0.16666666666666666, ""56"": 0.16666666666666666}",128,14826,6,0.1,0.01,[20],40,0.342,16.39792976505123,0.20628667,0.16211929,0.25243041
ml-1m,mf,35,Age,stratified,1.0,"{""1"": 0.16666666666666666, ""18"": 0.16666666666666666, ""25"": 0.16666666666666666, ""45"": 0.16666666666666666, ""50"": 0.16666666666666666, ""56"": 0.16666666666666666}",128,14827,7,0.1,0.01,[20],40,0.34,15.60636348114349,0.21144174,0.16797841,0.26053955
ml-1m,mf,35,Age,stratified,1.0,"{""1"": 0.16666666666666666, ""18"": 0.16666666666666666, ""25"": 0.16666666666666666, ""45"": 0.16666666666666666, ""50"": 0.16666666666666666, ""56"": 0.16666666666666666}",128,14828,8,0.1,0.01,[20],40,0.34,15.521892730146646,0.21223806,0.16727235,0.26418166
ml-1m,mf,35,Age,stratified,1.0,"{""1"": 0.16666666666666666, ""18"": 0.16666666666666666, ""25"": 0.16666666666666666, ""45"": 0.16666666666666666, ""50"": 0.16666666666666666, ""56"": 0.16666666666666666}",128,14829,9,0.1,0.01,[20],40,0.34,15.118092827033252,0.21148365,0.17010748,0.25932549
ml-1m,mf,35,Age,stratified,1.0,"{""1"": 0.16666666666666666, ""18"": 0.16666666666666666, ""25"": 0.16666666666666666, ""45"": 0.16666666666666666, ""50"": 0.16666666666666666, ""56"": 0.16666666666666666}",128,14830,10,0.1,0.01,[20],40,0.341,16.054268033010885,0.20888516,0.16778021,0.25909641
ml-1m,mf,35,Age,stratified,1.0,"{""1"": 0.16666666666666666, ""18"": 0.16666666666666666, ""25"": 0.16666666666666666, ""45"": 0.16666666666666666, ""50"": 0.16666666666666666, ""56"": 0.16666666666666666}",128,14831,11,0.1,0.01,[20],40,0.34,15.201516082976013,0.20959765,0.16571304,0.26105454
ml-1m,mf,35,Age,stratified,1.0,"{""1"": 0.16666666666666666, ""18"": 0.16666666666666666, ""25"": 0.16666666666666666, ""45"": 0.16666666666666666, ""50"": 0.16666666666666666, ""56"": 0.16666666666666666}",128,14832,12,0.1,0.01,[20],40,0.341,15.14798020501621,0.20817267,0.16677336,0.25686318
ml-1m,mf,35,Age,stratified,1.0,"{""1"": 0.16666666666666666, ""18"": 0.16666666666666666, ""25"": 0.16666666666666666, ""45"": 0.16666666666666666, ""50"": 0.16666666666666666, ""56"": 0.16666666666666666}",128,14833,13,0.1,0.01,[20],40,0.339,15.108874093042687,0.21110645,0.16583616,0.25825074
ml-1m,mf,35,Age,stratified,1.0,"{""1"": 0.16666666666666666, ""18"": 0.16666666666666666, ""25"": 0.16666666666666666, ""45"": 0.16666666666666666, ""50"": 0.16666666666666666, ""56"": 0.16666666666666666}",128,14834,14,0.1,0.01,[20],40,0.34,16.265661865007132,0.21445935,0.17151012,0.26473291
ml-1m,mf,35,Age,stratified,1.0,"{""1"": 0.16666666666666666, ""18"": 0.16666666666666666, ""25"": 0.16666666666666666, ""45"": 0.16666666666666666, ""50"": 0.16666666666666666, ""56"": 0.16666666666666666}",128,14835,15,0.1,0.01,[20],40,0.34,15.13889282103628,0.20783738,0.16289305,0.2553412
ml-1m,mf,35,Age,stratified,1.0,"{""1"": 0.16666666666666666, ""18"": 0.16666666666666666, ""25"": 0.16666666666666666, ""45"": 0.16666666666666666, ""50"": 0.16666666666666666, ""56"": 0.16666666666666666}",128,14836,16,0.1,0.01,[20],40,0.34,15.442170234862715,0.21311819,0.17014365,0.26297595
ml-1m,mf,35,Age,stratified,1.0,"{""1"": 0.16666666666666666, ""18"": 0.16666666666666666, ""25"": 0.16666666666666666, ""45"": 0.16666666666666666, ""50"": 0.16666666666666666, ""56"": 0.16666666666666666}",128,14837,17,0.1,0.01,[20],40,0.34,15.666411640122533,0.2124057,0.16967959,0.26484892
ml-1m,mf,35,Age,stratified,1.0,"{""1"": 0.16666666666666666, ""18"": 0.16666666666666666, ""25"": 0.16666666666666666, ""45"": 0.16666666666666666, ""50"": 0.16666666666666666, ""56"": 0.16666666666666666}",128,14838,18,0.1,0.01,[20],40,0.339,16.262684216024354,0.21169321,0.16807947,0.26220002
ml-1m,mf,35,Age,stratified,1.0,"{""1"": 0.16666666666666666, ""18"": 0.16666666666666666, ""25"": 0.16666666666666666, ""45"": 0.16666666666666666, ""50"": 0.16666666666666666, ""56"": 0.16666666666666666}",128,14839,19,0.1,0.01,[20],40,0.341,15.010002930881456,0.21295054,0.16794986,0.26207524
ml-1m,mf,35,Age,stratified,1.0,"{""1"": 0.16666666666666666, ""18"": 0.16666666666666666, ""25"": 0.16666666666666666, ""45"": 0.16666666666666666, ""50"": 0.16666666666666666, ""56"": 0.16666666666666666}",128,14840,20,0.1,0.01,[20],40,0.341,14.959135761950165,0.20800503,0.16370054,0.25646977
ml-1m,mf,35,Age,proportional,1.0,"{""1"": 0.04580152671755725, ""18"": 0.22756344130389933, ""25"": 0.43243243243243246, ""45"": 0.11347225087683104, ""50"": 0.10233133897256035, ""56"": 0.07839900969671962}",256,27621,1,0.1,0.01,[20],40,0.534,17.065476313000545,0.198114,0.16272773,0.25191706
ml-1m,mf,35,Age,proportional,1.0,"{""1"": 0.04580152671755725, ""18"": 0.22756344130389933, ""25"": 0.43243243243243246, ""45"": 0.11347225087683104, ""50"": 0.10233133897256035, ""56"": 0.07839900969671962}",256,27622,2,0.1,0.01,[20],40,0.537,17.622246585786343,0.20142498,0.1644532,0.25488825
ml-1m,mf,35,Age,proportional,1.0,"{""1"": 0.04580152671755725, ""18"": 0.22756344130389933, ""25"": 0.43243243243243246, ""45"": 0.11347225087683104, ""50"": 0.10233133897256035, ""56"": 0.07839900969671962}",256,27623,3,0.1,0.01,[20],40,0.539,16.90919110714458,0.19681475,0.16094242,0.24894056
ml-1m,mf,35,Age,proportional,1.0,"{""1"": 0.04580152671755725, ""18"": 0.22756344130389933, ""25"": 0.43243243243243246, ""45"": 0.11347225087683104, ""50"": 0.10233133897256035, ""56"": 0.07839900969671962}",256,27624,4,0.1,0.01,[20],40,0.536,16.74663690198213,0.19790444,0.16246683,0.24997951
ml-1m,mf,35,Age,proportional,1.0,"{""1"": 0.04580152671755725, ""18"": 0.22756344130389933, ""25"": 0.43243243243243246, ""45"": 0.11347225087683104, ""50"": 0.10233133897256035, ""56"": 0.07839900969671962}",256,27625,5,0.1,0.01,[20],40,0.536,16.432349315844476,0.20050293,0.16284639,0.25330022
ml-1m,mf,35,Age,proportional,1.0,"{""1"": 0.04580152671755725, ""18"": 0.22756344130389933, ""25"": 0.43243243243243246, ""45"": 0.11347225087683104, ""50"": 0.10233133897256035, ""56"": 0.07839900969671962}",256,27626,6,0.1,0.01,[20],40,0.538,16.553141685202718,0.19840738,0.16516718,0.25325516
ml-1m,mf,35,Age,proportional,1.0,"{""1"": 0.04580152671755725, ""18"": 0.22756344130389933, ""25"": 0.43243243243243246, ""45"": 0.11347225087683104, ""50"": 0.10233133897256035, ""56"": 0.07839900969671962}",256,27627,7,0.1,0.01,[20],40,0.538,16.62877938314341,0.19966471,0.16397062,0.25249025
ml-1m,mf,35,Age,proportional,1.0,"{""1"": 0.04580152671755725, ""18"": 0.22756344130389933, ""25"": 0.43243243243243246, ""45"": 0.11347225087683104, ""50"": 0.10233133897256035, ""56"": 0.07839900969671962}",256,27628,8,0.1,0.01,[20],40,0.535,16.701887405011803,0.19945516,0.16383931,0.25261629
ml-1m,mf,35,Age,proportional,1.0,"{""1"": 0.04580152671755725, ""18"": 0.22756344130389933, ""25"": 0.43243243243243246, ""45"": 0.11347225087683104, ""50"": 0.10233133897256035, ""56"": 0.07839900969671962}",256,27629,9,0.1,0.01,[20],40,0.536,16.461475883144885,0.19974853,0.16191178,0.25042953
ml-1m,mf,35,Age,proportional,1.0,"{""1"": 0.04580152671755725, ""18"": 0.22756344130389933, ""25"": 0.43243243243243246, ""45"": 0.11347225087683104, ""50"": 0.10233133897256035, ""56"": 0.07839900969671962}",256,27630,10,0.1,0.01,[20],40,0.537,16.653119021095335,0.19974853,0.16121895,0.24847375
ml-1m,mf,35,Age,proportional,1.0,"{""1"": 0.04580152671755725, ""18"": 0.22756344130389933, ""25"": 0.43243243243243246, ""45"": 0.11347225087683104, ""50"": 0.10233133897256035, ""56"": 0.07839900969671962}",256,27631,11,0.1,0.01,[20],40,0.537,16.475137911969796,0.19853311,0.16172669,0.2491693
ml-1m,mf,35,Age,proportional,1.0,"{""1"": 0.04580152671755725, ""18"": 0.22756344130389933, ""25"": 0.43243243243243246, ""45"": 0.11347225087683104, ""50"": 0.10233133897256035, ""56"": 0.07839900969671962}",256,27632,12,0.1,0.01,[20],40,0.537,16.905948892002925,0.19580889,0.1597075,0.24477648
ml-1m,mf,35,Age,proportional,1.0,"{""1"": 0.04580152671755725, ""18"": 0.22756344130389933, ""25"": 0.43243243243243246, ""45"": 0.11347225087683104, ""50"": 0.10233133897256035, ""56"": 0.07839900969671962}",256,27633,13,0.1,0.01,[20],40,0.536,16.75085471989587,0.19765298,0.16232579,0.24843093
ml-1m,mf,35,Age,proportional,1.0,"{""1"": 0.04580152671755725, ""18"": 0.22756344130389933, ""25"": 0.43243243243243246, ""45"": 0.11347225087683104, ""50"": 0.10233133897256035, ""56"": 0.07839900969671962}",256,27634,14,0.1,0.01,[20],40,0.537,17.389962021959946,0.19878458,0.16290119,0.24854475
ml-1m,mf,35,Age,proportional,1.0,"{""1"": 0.04580152671755725, ""18"": 0.22756344130389933, ""25"": 0.43243243243243246, ""45"": 0.11347225087683104, ""50"": 0.10233133897256035, ""56"": 0.07839900969671962}",256,27635,15,0.1,0.01,[20],40,0.537,16.799435523105785,0.19656329,0.15867888,0.24383686
ml-1m,mf,35,Age,proportional,1.0,"{""1"": 0.04580152671755725, ""18"": 0.22756344130389933, ""25"": 0.43243243243243246, ""45"": 0.11347225087683104, ""50"": 0.10233133897256035, ""56"": 0.07839900969671962}",256,27636,16,0.1,0.01,[20],40,0.535,17.11862143687904,0.19534786,0.16042486,0.24428025
ml-1m,mf,35,Age,proportional,1.0,"{""1"": 0.04580152671755725, ""18"": 0.22756344130389933, ""25"": 0.43243243243243246, ""45"": 0.11347225087683104, ""50"": 0.10233133897256035, ""56"": 0.07839900969671962}",256,27637,17,0.1,0.01,[20],40,0.538,17.26165610481985,0.19492875,0.16352308,0.25004006
ml-1m,mf,35,Age,proportional,1.0,"{""1"": 0.04580152671755725, ""18"": 0.22756344130389933, ""25"": 0.43243243243243246, ""45"": 0.11347225087683104, ""50"": 0.10233133897256035, ""56"": 0.07839900969671962}",256,27638,18,0.1,0.01,[20],40,0.536,17.945668512955308,0.19723386,0.16042479,0.24646401
ml-1m,mf,35,Age,proportional,1.0,"{""1"": 0.04580152671755725, ""18"": 0.22756344130389933, ""25"": 0.43243243243243246, ""45"": 0.11347225087683104, ""50"": 0.10233133897256035, ""56"": 0.07839900969671962}",256,27639,19,0.1,0.01,[20],40,0.536,17.090818826807663,0.19626991,0.15914496,0.24807763
ml-1m,mf,35,Age,proportional,1.0,"{""1"": 0.04580152671755725, ""18"": 0.22756344130389933, ""25"": 0.43243243243243246, ""45"": 0.11347225087683104, ""50"": 0.10233133897256035, ""56"": 0.07839900969671962}",256,27640,20,0.1,0.01,[20],40,0.536,16.69525607395917,0.20071249,0.16403933,0.25268372
ml-1m,mf,35,Age,stratified,1.0,"{""1"": 0.16666666666666666, ""18"": 0.16666666666666666, ""25"": 0.16666666666666666, ""45"": 0.16666666666666666, ""50"": 0.16666666666666666, ""56"": 0.16666666666666666}",256,27621,1,0.1,0.01,[20],40,0.536,16.96449134591967,0.1906119,0.15458377,0.23600188
ml-1m,mf,35,Age,stratified,1.0,"{""1"": 0.16666666666666666, ""18"": 0.16666666666666666, ""25"": 0.16666666666666666, ""45"": 0.16666666666666666, ""50"": 0.16666666666666666, ""56"": 0.16666666666666666}",256,27622,2,0.1,0.01,[20],40,0.536,17.446866975864395,0.19015088,0.15557249,0.23794506
ml-1m,mf,35,Age,stratified,1.0,"{""1"": 0.16666666666666666, ""18"": 0.16666666666666666, ""25"": 0.16666666666666666, ""45"": 0.16666666666666666, ""50"": 0.16666666666666666, ""56"": 0.16666666666666666}",256,27623,3,0.1,0.01,[20],40,0.54,17.037084882846102,0.18981559,0.15223704,0.23365473
ml-1m,mf,35,Age,stratified,1.0,"{""1"": 0.16666666666666666, ""18"": 0.16666666666666666, ""25"": 0.16666666666666666, ""45"": 0.16666666666666666, ""50"": 0.16666666666666666, ""56"": 0.16666666666666666}",256,27624,4,0.1,0.01,[20],40,0.538,16.947571987984702,0.18914501,0.15315495,0.23635518
ml-1m,mf,35,Age,stratified,1.0,"{""1"": 0.16666666666666666, ""18"": 0.16666666666666666, ""25"": 0.16666666666666666, ""45"": 0.16666666666666666, ""50"": 0.16666666666666666, ""56"": 0.16666666666666666}",256,27625,5,0.1,0.01,[20],40,0.537,16.620917996158823,0.19203688,0.15518019,0.23635841
ml-1m,mf,35,Age,stratified,1.0,"{""1"": 0.16666666666666666, ""18"": 0.16666666666666666, ""25"": 0.16666666666666666, ""45"": 0.16666666666666666, ""50"": 0.16666666666666666, ""56"": 0.16666666666666666}",256,27626,6,0.1,0.01,[20],40,0.539,18.487355899997056,0.18968986,0.15553029,0.23341965
ml-1m,mf,35,Age,stratified,1.0,"{""1"": 0.16666666666666666, ""18"": 0.16666666666666666, ""25"": 0.16666666666666666, ""45"": 0.16666666666666666, ""50"": 0.16666666666666666, ""56"": 0.16666666666666666}",256,27627,7,0.1,0.01,[20],40,0.539,17.019855018006638,0.18868399,0.15452996,0.23203444
ml-1m,mf,35,Age,stratified,1.0,"{""1"": 0.16666666666666666, ""18"": 0.16666666666666666, ""25"": 0.16666666666666666, ""45"": 0.16666666666666666, ""50"": 0.16666666666666666, ""56"": 0.16666666666666666}",256,27628,8,0.1,0.01,[20],40,0.536,16.70204330398701,0.18968986,0.15350854,0.23364355
ml-1m,mf,35,Age,stratified,1.0,"{""1"": 0.16666666666666666, ""18"": 0.16666666666666666, ""25"": 0.16666666666666666, ""45"": 0.16666666666666666, ""50"": 0.16666666666666666, ""56"": 0.16666666666666666}",256,27629,9,0.1,0.01,[20],40,0.537,17.124252767069265,0.18524728,0.14921612,0.2288236
ml-1m,mf,35,Age,stratified,1.0,"{""1"": 0.16666666666666666, ""18"": 0.16666666666666666, ""25"": 0.16666666666666666, ""45"": 0.16666666666666666, ""50"": 0.16666666666666666, ""56"": 0.16666666666666666}",256,27630,10,0.1,0.01,[20],40,0.538,18.6632635188289,0.19090528,0.15425576,0.2337582
ml-1m,mf,35,Age,stratified,1.0,"{""1"": 0.16666666666666666, ""18"": 0.16666666666666666, ""25"": 0.16666666666666666, ""45"": 0.16666666666666666, ""50"": 0.16666666666666666, ""56"": 0.16666666666666666}",256,27631,11,0.1,0.01,[20],40,0.539,16.59827702282928,0.1898575,0.15272503,0.23457417
ml-1m,mf,35,Age,stratified,1.0,"{""1"": 0.16666666666666666, ""18"": 0.16666666666666666, ""25"": 0.16666666666666666, ""45"": 0.16666666666666666, ""50"": 0.16666666666666666, ""56"": 0.16666666666666666}",256,27632,12,0.1,0.01,[20],40,0.538,16.72210101597011,0.18893546,0.15255334,0.22827022
ml-1m,mf,35,Age,stratified,1.0,"{""1"": 0.16666666666666666, ""18"": 0.16666666666666666, ""25"": 0.16666666666666666, ""45"": 0.16666666666666666, ""50"": 0.16666666666666666, ""56"": 0.16666666666666666}",256,27633,13,0.1,0.01,[20],40,0.536,17.027183695929125,0.18994132,0.15554123,0.23478335
ml-1m,mf,35,Age,stratified,1.0,"{""1"": 0.16666666666666666, ""18"": 0.16666666666666666, ""25"": 0.16666666666666666, ""45"": 0.16666666666666666, ""50"": 0.16666666666666666, ""56"": 0.16666666666666666}",256,27634,14,0.1,0.01,[20],40,0.538,18.242851461051032,0.18629505,0.15172429,0.23144388
ml-1m,mf,35,Age,stratified,1.0,"{""1"": 0.16666666666666666, ""18"": 0.16666666666666666, ""25"": 0.16666666666666666, ""45"": 0.16666666666666666, ""50"": 0.16666666666666666, ""56"": 0.16666666666666666}",256,27635,15,0.1,0.01,[20],40,0.539,16.763331142021343,0.19228835,0.15651714,0.23608101
ml-1m,mf,35,Age,stratified,1.0,"{""1"": 0.16666666666666666, ""18"": 0.16666666666666666, ""25"": 0.16666666666666666, ""45"": 0.16666666666666666, ""50"": 0.16666666666666666, ""56"": 0.16666666666666666}",256,27636,16,0.1,0.01,[20],40,0.536,17.025837193010375,0.18730092,0.15292937,0.23047981
ml-1m,mf,35,Age,stratified,1.0,"{""1"": 0.16666666666666666, ""18"": 0.16666666666666666, ""25"": 0.16666666666666666, ""45"": 0.16666666666666666, ""50"": 0.16666666666666666, ""56"": 0.16666666666666666}",256,27637,17,0.1,0.01,[20],40,0.54,16.694197782082483,0.18813915,0.15409142,0.23470212
ml-1m,mf,35,Age,stratified,1.0,"{""1"": 0.16666666666666666, ""18"": 0.16666666666666666, ""25"": 0.16666666666666666, ""45"": 0.16666666666666666, ""50"": 0.16666666666666666, ""56"": 0.16666666666666666}",256,27638,18,0.1,0.01,[20],40,0.537,18.695682178018615,0.18818106,0.15099345,0.23021632
ml-1m,mf,35,Age,stratified,1.0,"{""1"": 0.16666666666666666, ""18"": 0.16666666666666666, ""25"": 0.16666666666666666, ""45"": 0.16666666666666666, ""50"": 0.16666666666666666, ""56"": 0.16666666666666666}",256,27639,19,0.1,0.01,[20],40,0.537,17.084821836091578,0.18792959,0.14890805,0.23009757
ml-1m,mf,35,Age,stratified,1.0,"{""1"": 0.16666666666666666, ""18"": 0.16666666666666666, ""25"": 0.16666666666666666, ""45"": 0.16666666666666666, ""50"": 0.16666666666666666, ""56"": 0.16666666666666666}",256,27640,20,0.1,0.01,[20],40,0.537,16.912815202958882,0.1921207,0.15459226,0.23683719
